[{"model": "contacts.Company", "pk": 1, "fields": {"name": "Company1", "address1": "Etincidunt non velit neque.", "address2": "", "zipcode": "", "city": "ALBI", "user": [1, 2, 3, 4, 5, 6]}}, {"model": "contacts.Company", "pk": 2, "fields": {"name": "Company2", "address1": "Adipisci non velit quiquia quisquam aliquam tempora neque.", "address2": "Quaerat eius sit dolore labore.", "zipcode": "", "city": "BORDEAUX", "user": [2, 3, 6, 1]}}, {"model": "contacts.Company", "pk": 3, "fields": {"name": "Company3", "address1": "Velit dolor ipsum tempora dolorem quisquam adipisci tempora.", "address2": "", "zipcode": "81600", "city": "GAILLAC", "user": [3, 2, 6, 4]}}, {"model": "contacts.Company", "pk": 4, "fields": {"name": "Company4", "address1": "Numquam amet consectetur porro aliquam quiquia quaerat adipisci.", "address2": "", "zipcode": "", "city": "TOULOUSE", "user": [1, 5, 6, 4, 3]}}, {"model": "contacts.Company", "pk": 5, "fields": {"name": "Company5", "address1": "", "address2": "", "zipcode": "11000", "city": "CARCASSONNE", "user": [1, 5, 4, 6]}}, {"model": "contacts.Company", "pk": 6, "fields": {"name": "Company6", "address1": "Ut dolor dolor quisquam non sit ut adipisci.", "address2": "", "zipcode": "59000", "city": "LILLE", "user": [3, 6, 2]}}, {"model": "contacts.Company", "pk": 7, "fields": {"name": "Company7", "address1": "Sit numquam neque ipsum porro.", "address2": "", "zipcode": "69000", "city": "LYON", "user": [1, 6, 2]}}, {"model": "contacts.Contact", "pk": 1, "fields": {"first_name": "Serge", "last_name": "CAZENAVE", "company": 1, "user": [4, 6, 1, 2, 3, 5], "phone_number": "0895422287", "email": "scazenave@example.com"}}, {"model": "contacts.Contact", "pk": 2, "fields": {"first_name": "Serge", "last_name": "FAUCHER", "company": 1, "user": [3, 1, 6, 4], "phone_number": "0978962756", "email": "sergefaucher@example.com"}}, {"model": "contacts.Contact", "pk": 3, "fields": {"first_name": "Matthieu", "last_name": "ALLARD", "company": 1, "user": [3, 5, 4, 1, 6], "phone_number": "0010356350", "email": "matthieu-allard@example.com"}}, {"model": "contacts.Contact", "pk": 4, "fields": {"first_name": "Kevin", "last_name": "MONTOYA", "company": 1, "user": [3, 1, 5, 6], "phone_number": "0196630753", "email": "k.montoya@example.com"}}, {"model": "contacts.Contact", "pk": 5, "fields": {"first_name": "Thomas", "last_name": "ALIKER", "company": 3, "user": [6, 4, 3], "phone_number": "0403187059", "email": "taliker@example.com"}}, {"model": "contacts.Contact", "pk": 6, "fields": {"first_name": "Olivier", "last_name": "ALLARD", "company": 3, "user": [4], "phone_number": "0029447571", "email": "olivierallard@example.com"}}, {"model": "contacts.Contact", "pk": 7, "fields": {"first_name": "Alain", "last_name": "MONTOYA", "company": 3, "user": [2, 6, 4, 3], "phone_number": "0975579239", "email": "a.montoya@example.com"}}, {"model": "contacts.Contact", "pk": 8, "fields": {"first_name": "Matthieu", "last_name": "FAUCHER", "company": 3, "user": [2, 4, 3, 6], "phone_number": "0149914828", "email": "m.faucher@example.com"}}, {"model": "contacts.Contact", "pk": 9, "fields": {"first_name": "Nora", "last_name": "MONTOYA", "company": 4, "user": [5, 1], "phone_number": "0282400912", "email": "noramontoya@example.com"}}, {"model": "contacts.Contact", "pk": 10, "fields": {"first_name": "Mourad", "last_name": "CAZENAVE", "company": 4, "user": [3, 4, 6, 5], "phone_number": "0519291067", "email": "mouradcazenave@example.com"}}, {"model": "contacts.Contact", "pk": 11, "fields": {"first_name": "Matthieu", "last_name": "POIRIER", "company": 4, "user": [4, 6, 1, 3], "phone_number": "0027673574", "email": "mpoirier@example.com"}}, {"model": "contacts.Contact", "pk": 12, "fields": {"first_name": "Serge", "last_name": "ALLARD", "company": 5, "user": [5, 6], "phone_number": "0455958036", "email": "serge-allard@example.com"}}, {"model": "contacts.Contact", "pk": 13, "fields": {"first_name": "Serge", "last_name": "BLANDIN", "company": 5, "user": [1, 5, 4], "phone_number": "0660191713", "email": "serge-blandin@example.com"}}, {"model": "contacts.Contact", "pk": 14, "fields": {"first_name": "Olivier", "last_name": "CAZENAVE", "company": 5, "user": [4, 6, 5], "phone_number": "0075968893", "email": "oliviercazenave@example.com"}}, {"model": "contacts.Contact", "pk": 15, "fields": {"first_name": "Carine", "last_name": "ALIKER", "company": 5, "user": [4, 6, 5, 1], "phone_number": "0253214628", "email": "caliker@example.com"}}, {"model": "contacts.Contact", "pk": 16, "fields": {"first_name": "Sophie", "last_name": "LEVASSEUR", "company": 6, "user": [6, 3], "phone_number": "0495406520", "email": "sophie.levasseur@example.com"}}, {"model": "contacts.Contact", "pk": 17, "fields": {"first_name": "St\u00e9phanie", "last_name": "DUVAL", "company": 6, "user": [6], "phone_number": "0731649504", "email": "st\u00e9phanie.duval@example.com"}}, {"model": "contacts.Contact", "pk": 18, "fields": {"first_name": "Nora", "last_name": "MAZET", "company": 6, "user": [3, 2], "phone_number": "0323799384", "email": "noramazet@example.com"}}, {"model": "contacts.Contact", "pk": 19, "fields": {"first_name": "Renaud", "last_name": "ALIKER", "company": 6, "user": [6], "phone_number": "0263665035", "email": "renaud-aliker@example.com"}}, {"model": "contacts.Contact", "pk": 20, "fields": {"first_name": "Sophie", "last_name": "DUPUY", "company": 7, "user": [1, 2, 6], "phone_number": "0569963446", "email": "s-dupuy@example.com"}}, {"model": "contacts.Contact", "pk": 21, "fields": {"first_name": "Serge", "last_name": "MONTOYA", "company": 7, "user": [6], "phone_number": "0173657402", "email": "s-montoya@example.com"}}, {"model": "contacts.Contact", "pk": 22, "fields": {"first_name": "Sophie", "last_name": "LEVASSEUR", "company": 7, "user": [6], "phone_number": "0005874462", "email": "sophie.levasseur@example.com"}}, {"model": "contacts.Mission", "pk": 1, "fields": {"title": "Mission1", "description": "Labore amet est est porro non magnam quaerat. Amet numquam eius quisquam sit est. Neque aliquam quaerat magnam non sit. Modi etincidunt quiquia labore magnam ut etincidunt numquam. Velit neque porro quisquam neque aliquam.", "company": 1, "user": 1}}, {"model": "contacts.Mission", "pk": 2, "fields": {"title": "Mission2", "description": "Ipsum quisquam est eius quiquia. Quaerat porro dolorem tempora dolor dolor. Est quaerat quaerat numquam. Magnam magnam sed magnam quaerat non. Labore ut sed magnam.", "company": 1, "user": 1}}, {"model": "contacts.Mission", "pk": 3, "fields": {"title": "Mission3", "description": "Ipsum sed consectetur ipsum quiquia numquam sed dolore. Est magnam tempora eius porro numquam. Velit sit eius dolor labore porro quaerat. Ipsum porro aliquam quisquam eius. Ipsum adipisci neque dolore labore velit voluptatem modi. Magnam etincidunt etincidunt dolor eius non. Non velit quiquia modi quiquia adipisci tempora. Dolor etincidunt neque dolorem. Ipsum amet etincidunt amet.", "company": 1, "user": 4}}, {"model": "contacts.Mission", "pk": 4, "fields": {"title": "Mission4", "description": "Non modi aliquam aliquam quisquam non porro. Ut adipisci dolor neque etincidunt ipsum quaerat ipsum. Velit voluptatem labore est ut. Dolore ut voluptatem ipsum dolor consectetur sit. Voluptatem porro non eius. Dolore adipisci dolorem sit ipsum etincidunt neque. Dolore aliquam voluptatem velit labore dolore adipisci.", "company": 1, "user": 4}}, {"model": "contacts.Mission", "pk": 5, "fields": {"title": "Mission5", "description": "Dolore quisquam quaerat consectetur ipsum amet. Non dolor consectetur quiquia sed neque. Magnam voluptatem magnam aliquam sed amet. Dolorem etincidunt magnam amet. Adipisci modi dolore ipsum quisquam dolorem dolore ut. Neque dolor quaerat dolorem sed quisquam. Magnam eius dolore quaerat. Sit eius voluptatem sit dolorem sit. Sed tempora tempora modi.", "company": 1, "user": 4}}, {"model": "contacts.Mission", "pk": 6, "fields": {"title": "Mission6", "description": "Non etincidunt eius consectetur labore neque dolorem. Amet dolore non magnam. Quaerat est aliquam dolore labore ut. Tempora eius adipisci quaerat voluptatem aliquam eius quisquam. Porro aliquam etincidunt dolor aliquam quisquam.", "company": 1, "user": 5}}, {"model": "contacts.Mission", "pk": 7, "fields": {"title": "Mission7", "description": "Labore velit dolore quisquam voluptatem amet dolorem quisquam. Amet quaerat tempora quisquam labore dolorem sed quiquia. Ipsum dolor numquam eius. Ipsum aliquam dolorem porro amet eius labore. Neque numquam aliquam dolor aliquam. Porro tempora amet aliquam consectetur amet labore ut. Dolor porro aliquam dolorem. Non sit non numquam dolorem velit. Non adipisci adipisci aliquam labore consectetur ut ipsum.", "company": 1, "user": 6}}, {"model": "contacts.Mission", "pk": 8, "fields": {"title": "Mission8", "description": "Adipisci sed voluptatem voluptatem ipsum quiquia quiquia quiquia. Adipisci sed adipisci neque eius non. Quaerat est magnam est porro porro. Quiquia porro sed quaerat. Est dolorem sit eius sit voluptatem. Non est magnam eius magnam consectetur modi. Tempora magnam neque magnam sit dolore. Neque dolorem porro velit neque velit. Porro neque quisquam modi porro velit dolore. Tempora etincidunt voluptatem sit adipisci aliquam quaerat.", "company": 1, "user": 6}}, {"model": "contacts.Mission", "pk": 9, "fields": {"title": "Mission9", "description": "Sit ut amet est quiquia eius numquam. Quaerat quaerat ipsum numquam sed modi modi. Etincidunt amet voluptatem eius adipisci. Numquam voluptatem neque sed. Non etincidunt labore voluptatem quaerat quisquam quisquam. Etincidunt amet sed quiquia quiquia. Consectetur numquam etincidunt modi quaerat neque quiquia neque. Eius ipsum etincidunt voluptatem est quaerat est labore. Non quaerat velit modi etincidunt tempora aliquam quaerat.", "company": 1, "user": 6}}, {"model": "contacts.Mission", "pk": 10, "fields": {"title": "Mission10", "description": "Ut est neque dolorem adipisci dolorem. Quaerat etincidunt aliquam amet dolore etincidunt. Neque magnam neque ut quisquam dolorem eius porro. Consectetur quisquam quisquam dolorem. Tempora consectetur ut eius eius. Quiquia quiquia quisquam tempora magnam magnam dolore adipisci. Voluptatem velit amet quisquam ipsum dolor. Modi dolorem consectetur velit velit etincidunt. Eius velit labore etincidunt quisquam magnam. Dolorem voluptatem adipisci eius etincidunt tempora etincidunt.", "company": 2, "user": 6}}, {"model": "contacts.Mission", "pk": 11, "fields": {"title": "Mission11", "description": "Labore etincidunt modi modi velit consectetur neque. Etincidunt sed ipsum etincidunt adipisci sed tempora. Dolorem dolore aliquam est. Dolorem aliquam adipisci neque velit quisquam sed. Adipisci labore numquam sed. Porro tempora eius quisquam modi adipisci. Etincidunt dolorem ut quiquia neque quaerat. Adipisci quiquia ut neque sed sit. Eius ipsum tempora amet dolor. Ut amet consectetur est dolor.", "company": 3, "user": 3}}, {"model": "contacts.Mission", "pk": 12, "fields": {"title": "Mission12", "description": "Consectetur est eius neque labore sit consectetur quiquia. Voluptatem est sed aliquam numquam sed. Porro voluptatem ipsum etincidunt consectetur dolorem modi. Aliquam neque porro velit porro neque voluptatem aliquam. Non voluptatem neque voluptatem modi sit. Consectetur dolorem amet dolore quiquia velit. Velit dolorem magnam porro non dolore.", "company": 3, "user": 2}}, {"model": "contacts.Mission", "pk": 13, "fields": {"title": "Mission13", "description": "Dolor neque ut dolore est. Dolor aliquam adipisci sed non ipsum sit. Consectetur est tempora quisquam dolorem consectetur. Quiquia amet dolor voluptatem amet tempora. Quiquia eius velit est. Dolore porro modi modi labore neque etincidunt consectetur. Numquam velit voluptatem porro quiquia ipsum. Neque modi dolorem eius amet dolorem. Quaerat voluptatem porro sed. Adipisci eius dolor sed etincidunt dolore quisquam.", "company": 3, "user": 6}}, {"model": "contacts.Mission", "pk": 14, "fields": {"title": "Mission14", "description": "Ut dolorem quisquam est dolore adipisci adipisci. Dolore tempora neque quaerat dolorem eius. Dolore adipisci ipsum ipsum aliquam sed. Porro quisquam amet amet consectetur labore ipsum quiquia. Dolore neque non adipisci adipisci neque. Numquam labore consectetur adipisci velit aliquam tempora adipisci. Magnam sit non porro.", "company": 3, "user": 6}}, {"model": "contacts.Mission", "pk": 15, "fields": {"title": "Mission15", "description": "Quiquia sit consectetur non. Sed numquam tempora non etincidunt dolor tempora. Quiquia neque porro est ut adipisci quisquam ut. Non est velit numquam sit amet. Etincidunt voluptatem ut adipisci. Quisquam numquam numquam labore consectetur. Voluptatem labore dolore magnam velit. Numquam modi quiquia voluptatem voluptatem. Dolor velit etincidunt dolore sed amet.", "company": 3, "user": 6}}, {"model": "contacts.Mission", "pk": 16, "fields": {"title": "Mission16", "description": "Quiquia porro ut sed neque. Quaerat dolor est sed. Dolorem voluptatem quaerat quiquia quisquam dolorem quiquia. Porro voluptatem consectetur ut numquam tempora ut. Etincidunt porro eius quaerat non est dolorem eius. Quisquam tempora etincidunt ut aliquam quisquam. Etincidunt velit est magnam ipsum tempora sed. Dolor ut ipsum voluptatem. Est porro aliquam voluptatem. Quisquam sed neque quiquia est.", "company": 3, "user": 4}}, {"model": "contacts.Mission", "pk": 17, "fields": {"title": "Mission17", "description": "Porro adipisci aliquam velit eius quisquam quiquia. Aliquam quiquia eius amet. Ipsum quisquam dolor voluptatem sed. Est consectetur dolorem numquam aliquam ipsum. Tempora sed etincidunt porro. Sit aliquam aliquam dolor modi magnam non. Consectetur sed etincidunt dolorem quaerat dolore modi.", "company": 4, "user": 1}}, {"model": "contacts.Mission", "pk": 18, "fields": {"title": "Mission18", "description": "Aliquam magnam ut dolor dolore adipisci. Numquam quiquia ut non eius ut dolore dolor. Dolor sit amet modi porro quiquia sed voluptatem. Quiquia amet quaerat porro sed dolorem. Tempora velit modi tempora voluptatem. Modi est quisquam quisquam ut numquam.", "company": 4, "user": 1}}, {"model": "contacts.Mission", "pk": 19, "fields": {"title": "Mission19", "description": "Dolorem eius est non numquam quiquia numquam ut. Numquam dolore magnam neque dolor tempora dolorem est. Consectetur quisquam ut dolore labore voluptatem amet. Numquam porro non velit modi tempora consectetur. Tempora neque tempora dolore quaerat dolorem. Magnam dolor dolor numquam tempora aliquam labore. Est numquam dolor quaerat modi adipisci est voluptatem.", "company": 4, "user": 1}}, {"model": "contacts.Mission", "pk": 20, "fields": {"title": "Mission20", "description": "Porro quiquia amet porro quaerat quaerat eius sed. Porro ipsum ipsum magnam modi. Adipisci numquam tempora aliquam eius quiquia dolor. Labore ut sit sit quaerat est consectetur. Est dolorem consectetur ut sed velit aliquam. Quisquam est est numquam quaerat eius sed. Quisquam tempora ut dolor. Magnam velit consectetur non dolor aliquam quaerat. Adipisci tempora magnam amet consectetur. Magnam amet voluptatem voluptatem quaerat voluptatem.", "company": 4, "user": 5}}, {"model": "contacts.Mission", "pk": 21, "fields": {"title": "Mission21", "description": "Sit non labore dolorem etincidunt aliquam. Velit est amet dolor numquam dolore quaerat. Quiquia labore magnam dolor sit numquam. Dolor adipisci neque magnam dolore sed. Sed quaerat eius est aliquam neque. Quiquia quaerat tempora neque. Neque eius porro porro labore dolor dolore. Est quiquia quiquia velit labore porro numquam numquam.", "company": 4, "user": 5}}, {"model": "contacts.Mission", "pk": 22, "fields": {"title": "Mission22", "description": "Dolorem ipsum magnam dolorem adipisci porro ut dolor. Sit tempora neque dolorem eius. Voluptatem modi magnam sit amet. Sit quisquam dolorem amet velit sit consectetur non. Voluptatem dolorem modi dolore. Neque tempora quiquia dolor magnam quiquia quisquam. Porro voluptatem consectetur sed voluptatem. Sit dolorem eius labore sit sed eius.", "company": 4, "user": 6}}, {"model": "contacts.Mission", "pk": 23, "fields": {"title": "Mission23", "description": "Sed quisquam ut velit eius modi quaerat ut. Dolorem voluptatem numquam modi dolor aliquam est velit. Non numquam sed voluptatem aliquam. Neque porro voluptatem quisquam numquam dolorem. Dolore aliquam modi ut. Dolore numquam dolor modi sed eius ipsum.", "company": 4, "user": 6}}, {"model": "contacts.Mission", "pk": 24, "fields": {"title": "Mission24", "description": "Magnam tempora velit dolor. Sit tempora sed magnam. Dolor ut aliquam labore. Neque quisquam ut porro aliquam. Non porro quisquam quisquam.", "company": 4, "user": 6}}, {"model": "contacts.Mission", "pk": 25, "fields": {"title": "Mission25", "description": "Tempora quisquam quisquam est. Adipisci ut ut porro. Quaerat porro quisquam voluptatem aliquam dolor. Est amet eius adipisci dolore sed adipisci. Quisquam neque est non quaerat dolor. Adipisci neque labore porro non porro adipisci. Voluptatem non dolor labore. Non aliquam ut numquam numquam tempora quisquam ut. Voluptatem labore ut amet amet quiquia sed consectetur. Sed quisquam magnam quisquam consectetur ipsum dolorem.", "company": 4, "user": 3}}, {"model": "contacts.Mission", "pk": 26, "fields": {"title": "Mission26", "description": "Voluptatem etincidunt non magnam etincidunt modi sed tempora. Quiquia amet magnam magnam. Non consectetur ipsum quiquia quiquia quiquia neque. Magnam eius porro ipsum dolor sit eius porro. Numquam quiquia velit sed numquam modi amet. Est consectetur eius ipsum dolorem eius. Voluptatem ipsum ut est. Est est amet magnam dolor dolore eius. Quiquia modi ut quisquam amet velit voluptatem amet.", "company": 5, "user": 4}}, {"model": "contacts.Mission", "pk": 27, "fields": {"title": "Mission27", "description": "Velit magnam quiquia labore non non. Labore consectetur quaerat etincidunt aliquam. Modi eius dolore quaerat etincidunt. Amet etincidunt dolore adipisci ut labore voluptatem. Adipisci etincidunt velit dolore. Neque adipisci velit non numquam dolor dolor. Dolorem etincidunt adipisci velit labore quaerat porro. Quiquia dolore est eius magnam sed modi ipsum. Quiquia amet labore porro porro non magnam labore. Sit velit etincidunt ut magnam dolore numquam.", "company": 5, "user": 4}}, {"model": "contacts.Mission", "pk": 28, "fields": {"title": "Mission28", "description": "Adipisci dolorem aliquam neque velit adipisci amet aliquam. Quiquia quaerat modi amet aliquam neque est. Aliquam adipisci sit dolor labore. Ut ut neque labore. Adipisci dolorem labore sed dolor.", "company": 5, "user": 6}}, {"model": "contacts.Mission", "pk": 29, "fields": {"title": "Mission29", "description": "Velit dolore adipisci labore neque porro. Modi sed quisquam neque. Sed non labore non tempora. Dolor magnam labore porro velit ut. Amet ipsum quiquia est voluptatem. Etincidunt tempora non est aliquam est. Neque labore quaerat adipisci amet porro dolore quaerat. Quisquam dolor consectetur dolor porro velit.", "company": 5, "user": 6}}, {"model": "contacts.Mission", "pk": 30, "fields": {"title": "Mission30", "description": "Quiquia labore aliquam neque. Adipisci numquam dolorem modi consectetur. Sed aliquam sit numquam. Dolorem eius ut ipsum quisquam non voluptatem est. Etincidunt porro dolorem porro. Magnam dolorem eius dolor consectetur ipsum. Velit numquam quisquam etincidunt. Aliquam est consectetur non. Aliquam consectetur modi consectetur sed dolorem tempora ipsum. Labore amet sit velit etincidunt.", "company": 6, "user": 3}}, {"model": "contacts.Mission", "pk": 31, "fields": {"title": "Mission31", "description": "Adipisci neque labore porro adipisci modi dolor. Dolorem aliquam ut labore ipsum tempora quisquam. Magnam adipisci ipsum non quiquia dolorem. Ipsum eius numquam adipisci adipisci sed. Dolore magnam aliquam porro numquam quaerat.", "company": 6, "user": 6}}, {"model": "contacts.Mission", "pk": 32, "fields": {"title": "Mission32", "description": "Numquam est est magnam labore dolorem. Dolor etincidunt modi non velit neque adipisci. Ipsum etincidunt dolore non. Aliquam quiquia tempora ut amet numquam. Quaerat etincidunt consectetur porro ut amet. Quiquia voluptatem quiquia dolorem voluptatem dolore. Sed dolor neque adipisci porro quiquia ut voluptatem. Numquam non eius etincidunt quiquia.", "company": 6, "user": 6}}, {"model": "contacts.Mission", "pk": 33, "fields": {"title": "Mission33", "description": "Quiquia porro dolorem numquam voluptatem. Quaerat quaerat numquam amet quisquam. Consectetur est sed tempora. Velit neque dolorem voluptatem quaerat ut consectetur. Numquam etincidunt voluptatem porro consectetur dolor. Sed ipsum ut quaerat dolor tempora. Etincidunt magnam eius voluptatem amet.", "company": 7, "user": 1}}, {"model": "contacts.Mission", "pk": 34, "fields": {"title": "Mission34", "description": "Non sed dolore voluptatem quisquam aliquam aliquam. Velit quiquia velit ipsum ut est velit neque. Numquam quisquam ut amet amet. Ipsum sed ut numquam dolor porro labore. Quiquia etincidunt quisquam sit. Modi dolorem quisquam dolore eius. Consectetur porro tempora non etincidunt.", "company": 7, "user": 6}}, {"model": "contacts.Mission", "pk": 35, "fields": {"title": "Mission35", "description": "Est numquam neque porro quiquia consectetur. Etincidunt tempora dolorem labore sed. Quiquia quisquam voluptatem dolorem. Voluptatem dolore sed est neque aliquam. Sit neque adipisci quaerat quiquia dolorem. Ut velit numquam adipisci voluptatem quisquam numquam etincidunt. Magnam est sit quaerat neque.", "company": 7, "user": 6}}, {"model": "contacts.Mission", "pk": 36, "fields": {"title": "Mission36", "description": "Etincidunt voluptatem amet dolorem. Aliquam amet neque modi labore sed est modi. Labore quiquia dolorem velit porro modi. Ut quisquam voluptatem etincidunt etincidunt adipisci. Aliquam labore numquam dolore quaerat numquam eius. Sed adipisci numquam dolorem non aliquam sit. Ipsum consectetur ut labore.", "company": 7, "user": 6}}, {"model": "contacts.Mission", "pk": 37, "fields": {"title": "Mission37", "description": "Dolorem sed amet magnam. Sed neque velit aliquam sit quaerat dolorem quaerat. Velit etincidunt modi numquam tempora dolor. Amet sit labore magnam ipsum. Labore sed tempora consectetur consectetur ipsum labore etincidunt. Dolore porro velit quaerat modi. Ut adipisci quaerat velit etincidunt.", "company": 7, "user": 2}}, {"model": "contacts.Mission", "pk": 38, "fields": {"title": "Mission38", "description": "Quiquia sed velit ipsum. Numquam consectetur quisquam aliquam. Amet magnam dolor eius labore quiquia eius voluptatem. Velit quisquam modi consectetur. Neque modi neque consectetur sed sit ut. Sed non etincidunt ut. Non amet sed dolor aliquam. Dolorem quiquia quaerat numquam labore neque velit. Sit ut modi dolore sit porro.", "company": 7, "user": 2}}]