[{"model": "appliances.Appliance", "pk": 1, "fields": {"company": 1, "user": 1, "status": 60, "estimated_salary": 35.0, "proposed_salary": 27.9, "environment_notation": 2, "environment_details": "", "values_notation": 1, "values_details": "", "evolution_notation": 4, "evolution_details": "", "knowledge_notation": 3, "knowledge_details": "Eius consectetur quisquam quiquia.", "management_notation": 4, "management_details": "Ut dolore quaerat velit ipsum amet.", "advantages_notation": 3, "advantages_details": "", "notoriety_notation": 2, "notoriety_details": "", "office_notation": 1, "office_details": "Etincidunt numquam quaerat ut consectetur."}}, {"model": "appliances.Appliance", "pk": 2, "fields": {"company": 1, "user": 2, "status": 40, "estimated_salary": 25.6, "proposed_salary": 37.0, "environment_notation": 4, "environment_details": "", "values_notation": 1, "values_details": "Sit magnam dolorem ipsum aliquam.", "evolution_notation": 2, "evolution_details": "", "knowledge_notation": 5, "knowledge_details": "Non amet ut dolor dolore.", "management_notation": 4, "management_details": "", "advantages_notation": 5, "advantages_details": "Sit ut adipisci porro ut etincidunt.", "notoriety_notation": 0, "notoriety_details": "", "office_notation": 1, "office_details": ""}}, {"model": "appliances.Appliance", "pk": 3, "fields": {"company": 1, "user": 3, "status": 80, "estimated_salary": 38.7, "proposed_salary": 32.6, "environment_notation": 3, "environment_details": "Velit modi velit dolore ipsum eius adipisci dolor.", "values_notation": 4, "values_details": "Sed modi sit sed voluptatem.", "evolution_notation": 2, "evolution_details": "Aliquam aliquam aliquam consectetur ipsum modi est.", "knowledge_notation": 2, "knowledge_details": "", "management_notation": 4, "management_details": "Dolor tempora neque numquam dolorem.", "advantages_notation": 4, "advantages_details": "", "notoriety_notation": 2, "notoriety_details": "", "office_notation": 2, "office_details": ""}}, {"model": "appliances.Appliance", "pk": 4, "fields": {"company": 2, "user": 2, "status": 30, "estimated_salary": 34.0, "proposed_salary": 40.5, "environment_notation": 5, "environment_details": "Amet porro amet ipsum neque quaerat.", "values_notation": 1, "values_details": "Adipisci quaerat labore porro velit tempora.", "evolution_notation": 5, "evolution_details": "Porro tempora est quisquam quisquam est est sit.", "knowledge_notation": 0, "knowledge_details": "Porro non ut adipisci.", "management_notation": 5, "management_details": "", "advantages_notation": 4, "advantages_details": "", "notoriety_notation": 5, "notoriety_details": "Non dolore magnam non magnam quaerat.", "office_notation": 4, "office_details": "Porro quisquam velit dolorem quisquam ipsum."}}, {"model": "appliances.Appliance", "pk": 5, "fields": {"company": 3, "user": 1, "status": 60, "estimated_salary": 40.2, "proposed_salary": 31.3, "environment_notation": 2, "environment_details": "Velit tempora est ut magnam neque ut.", "values_notation": 1, "values_details": "Magnam voluptatem etincidunt etincidunt magnam.", "evolution_notation": 3, "evolution_details": "", "knowledge_notation": 0, "knowledge_details": "Consectetur etincidunt ut quaerat adipisci ut.", "management_notation": 3, "management_details": "", "advantages_notation": 2, "advantages_details": "", "notoriety_notation": 3, "notoriety_details": "", "office_notation": 2, "office_details": "Amet ut amet numquam."}}, {"model": "appliances.Appliance", "pk": 6, "fields": {"company": 4, "user": 3, "status": 30, "estimated_salary": 33.3, "proposed_salary": 34.7, "environment_notation": 4, "environment_details": "", "values_notation": 3, "values_details": "Magnam aliquam quisquam magnam velit neque.", "evolution_notation": 3, "evolution_details": "", "knowledge_notation": 1, "knowledge_details": "", "management_notation": 0, "management_details": "Consectetur eius adipisci eius dolorem.", "advantages_notation": 3, "advantages_details": "Amet dolor amet est dolor dolor quiquia.", "notoriety_notation": 3, "notoriety_details": "", "office_notation": 3, "office_details": ""}}, {"model": "appliances.Appliance", "pk": 7, "fields": {"company": 4, "user": 1, "status": 70, "estimated_salary": 45.8, "proposed_salary": 43.9, "environment_notation": 3, "environment_details": "Quaerat ut numquam ut labore.", "values_notation": 0, "values_details": "Adipisci dolor labore neque tempora.", "evolution_notation": 4, "evolution_details": "Non tempora adipisci tempora labore.", "knowledge_notation": 3, "knowledge_details": "Quaerat eius dolor quiquia quaerat sed numquam.", "management_notation": 0, "management_details": "", "advantages_notation": 1, "advantages_details": "", "notoriety_notation": 1, "notoriety_details": "", "office_notation": 1, "office_details": "Sit labore sed adipisci dolor etincidunt sed labore."}}, {"model": "appliances.Appliance", "pk": 8, "fields": {"company": 5, "user": 1, "status": 40, "estimated_salary": 38.9, "proposed_salary": 29.8, "environment_notation": 2, "environment_details": "Quiquia non est quisquam amet non etincidunt.", "values_notation": 5, "values_details": "Sit porro dolore tempora quisquam neque non quisquam.", "evolution_notation": 0, "evolution_details": "", "knowledge_notation": 0, "knowledge_details": "Eius velit dolorem ipsum velit.", "management_notation": 4, "management_details": "Aliquam sed amet porro sit quiquia amet.", "advantages_notation": 4, "advantages_details": "", "notoriety_notation": 0, "notoriety_details": "", "office_notation": 4, "office_details": "Sit quisquam est quiquia quaerat sit dolor aliquam."}}, {"model": "appliances.Appliance", "pk": 9, "fields": {"company": 5, "user": 3, "status": 20, "estimated_salary": 44.1, "proposed_salary": 27.0, "environment_notation": 2, "environment_details": "Labore ipsum dolor magnam adipisci.", "values_notation": 1, "values_details": "Aliquam sit labore labore voluptatem.", "evolution_notation": 0, "evolution_details": "", "knowledge_notation": 0, "knowledge_details": "Adipisci quiquia quisquam neque neque ipsum tempora sed.", "management_notation": 0, "management_details": "", "advantages_notation": 1, "advantages_details": "", "notoriety_notation": 1, "notoriety_details": "", "office_notation": 4, "office_details": ""}}, {"model": "appliances.Appliance", "pk": 10, "fields": {"company": 5, "user": 2, "status": 80, "estimated_salary": 26.9, "proposed_salary": 35.6, "environment_notation": 3, "environment_details": "Tempora consectetur tempora dolorem dolor dolor porro neque.", "values_notation": 3, "values_details": "Aliquam quisquam porro amet non non.", "evolution_notation": 5, "evolution_details": "", "knowledge_notation": 1, "knowledge_details": "Quisquam adipisci dolorem modi ut tempora est.", "management_notation": 4, "management_details": "Tempora velit dolorem ut sed labore.", "advantages_notation": 3, "advantages_details": "", "notoriety_notation": 5, "notoriety_details": "", "office_notation": 0, "office_details": "Porro magnam est etincidunt adipisci dolor tempora."}}, {"model": "appliances.Appliance", "pk": 11, "fields": {"company": 6, "user": 2, "status": 70, "estimated_salary": 39.9, "proposed_salary": 28.4, "environment_notation": 5, "environment_details": "", "values_notation": 0, "values_details": "", "evolution_notation": 2, "evolution_details": "Quaerat adipisci quisquam adipisci amet sed eius.", "knowledge_notation": 0, "knowledge_details": "Consectetur labore quiquia non quisquam tempora dolorem neque.", "management_notation": 5, "management_details": "Labore non quaerat ut etincidunt magnam quiquia.", "advantages_notation": 5, "advantages_details": "Numquam porro labore neque quiquia tempora tempora.", "notoriety_notation": 5, "notoriety_details": "", "office_notation": 5, "office_details": "Numquam tempora numquam sit quaerat."}}, {"model": "appliances.Appliance", "pk": 12, "fields": {"company": 6, "user": 3, "status": 70, "estimated_salary": 32.3, "proposed_salary": 25.7, "environment_notation": 0, "environment_details": "", "values_notation": 1, "values_details": "", "evolution_notation": 0, "evolution_details": "", "knowledge_notation": 5, "knowledge_details": "", "management_notation": 5, "management_details": "Est quisquam labore amet.", "advantages_notation": 2, "advantages_details": "Ut porro eius consectetur voluptatem amet non eius.", "notoriety_notation": 3, "notoriety_details": "Aliquam sit sit sit quaerat est.", "office_notation": 3, "office_details": "Consectetur porro quiquia ut est."}}, {"model": "appliances.Skill", "pk": 1, "fields": {"name": "Java", "image": "skills/java.png", "related": null, "type": "0"}}, {"model": "appliances.Skill", "pk": 2, "fields": {"name": "Python", "image": "skills/python.png", "related": null, "type": "0"}}, {"model": "appliances.Skill", "pk": 3, "fields": {"name": "PHP", "image": "skills/php.png", "related": null, "type": "0"}}, {"model": "appliances.Skill", "pk": 4, "fields": {"name": "C#", "image": "skills/c_cjMO89e.png", "related": null, "type": "0"}}, {"model": "appliances.Skill", "pk": 5, "fields": {"name": "C", "image": "skills/c.png", "related": null, "type": "0"}}, {"model": "appliances.Skill", "pk": 6, "fields": {"name": "C++", "image": "skills/c_IrEnLy6.png", "related": null, "type": "0"}}, {"model": "appliances.Skill", "pk": 7, "fields": {"name": "JavaScript", "image": "skills/javascript.png", "related": null, "type": "0"}}, {"model": "appliances.Skill", "pk": 8, "fields": {"name": "Objective-C", "image": "objective_c.png", "related": null, "type": "0"}}, {"model": "appliances.Skill", "pk": 9, "fields": {"name": "R", "image": "skills/r.png", "related": null, "type": "0"}}, {"model": "appliances.Skill", "pk": 10, "fields": {"name": "Swift", "image": "skills/swift.png", "related": null, "type": "0"}}, {"model": "appliances.Skill", "pk": 11, "fields": {"name": "Matlab", "image": "skills/matlab.png", "related": null, "type": "0"}}, {"model": "appliances.Skill", "pk": 12, "fields": {"name": "Ruby", "image": "skills/ruby.png", "related": null, "type": "0"}}, {"model": "appliances.Skill", "pk": 13, "fields": {"name": "VBA", "image": "skills/vba.png", "related": null, "type": "0"}}, {"model": "appliances.Skill", "pk": 14, "fields": {"name": "Visual Basic", "image": "skills/visual_basic.png", "related": null, "type": "0"}}, {"model": "appliances.Skill", "pk": 15, "fields": {"name": "Scala", "image": "skills/scala.png", "related": null, "type": "0"}}, {"model": "appliances.Skill", "pk": 16, "fields": {"name": "Perl", "image": "skills/perl.png", "related": null, "type": "0"}}, {"model": "appliances.Skill", "pk": 17, "fields": {"name": "lua", "image": "skills/lua.png", "related": null, "type": "0"}}, {"model": "appliances.Skill", "pk": 18, "fields": {"name": "Delphi", "image": "skills/delphi.png", "related": null, "type": "0"}}, {"model": "appliances.Skill", "pk": 19, "fields": {"name": "Go", "image": "skills/go.png", "related": null, "type": "0"}}, {"model": "appliances.Skill", "pk": 20, "fields": {"name": "Haskell", "image": "skills/haskell.png", "related": null, "type": "0"}}, {"model": "appliances.Skill", "pk": 21, "fields": {"name": "Assembly", "image": "skills/assembly.png", "related": null, "type": "0"}}, {"model": "appliances.Skill", "pk": 22, "fields": {"name": "VB.NET", "image": "skills/vb_net.png", "related": null, "type": "0"}}, {"model": "appliances.Skill", "pk": 23, "fields": {"name": "Groovy", "image": "skills/groovy.png", "related": null, "type": "0"}}, {"model": "appliances.Skill", "pk": 24, "fields": {"name": "SQL", "image": "skills/sql.png", "related": null, "type": "0"}}, {"model": "appliances.Skill", "pk": 25, "fields": {"name": "iOS", "image": "skills/ios.png", "related": null, "type": "4"}}, {"model": "appliances.Skill", "pk": 26, "fields": {"name": "HTML", "image": "skills/html.png", "related": null, "type": "0"}}, {"model": "appliances.Skill", "pk": 27, "fields": {"name": "CSS", "image": "skills/css.png", "related": null, "type": "0"}}, {"model": "appliances.Skill", "pk": 28, "fields": {"name": "Shell", "image": "skills/shell.png", "related": null, "type": "0"}}, {"model": "appliances.Skill", "pk": 29, "fields": {"name": "Arduino", "image": "skills/arduino.png", "related": null, "type": "0"}}, {"model": "appliances.Skill", "pk": 30, "fields": {"name": "Rust", "image": "skills/rust.png", "related": null, "type": "0"}}, {"model": "appliances.Skill", "pk": 31, "fields": {"name": "Django", "image": "skills/django.png", "related": "2", "type": "1"}}, {"model": "appliances.Skill", "pk": 32, "fields": {"name": "Bottle", "image": "skills/bottle.png", "related": "2", "type": "1"}}, {"model": "appliances.Skill", "pk": 33, "fields": {"name": "CherryPy", "image": "skills/cherrypy.png", "related": "2", "type": "1"}}, {"model": "appliances.Skill", "pk": 34, "fields": {"name": "Flask", "image": "skills/flask.png", "related": "2", "type": "1"}}, {"model": "appliances.Skill", "pk": 35, "fields": {"name": "Pyramid", "image": "skills/pyramid.png", "related": "2", "type": "1"}}, {"model": "appliances.Skill", "pk": 36, "fields": {"name": "TurboGears", "image": "skills/turbogears.png", "related": "2", "type": "1"}}, {"model": "appliances.Skill", "pk": 37, "fields": {"name": "Twisted", "image": "skills/twisted.png", "related": "2", "type": "1"}}, {"model": "appliances.Skill", "pk": 38, "fields": {"name": "Web2py", "image": "skills/web2py.png", "related": "2", "type": "1"}}, {"model": "appliances.Skill", "pk": 39, "fields": {"name": "Zope", "image": "skills/zope.png", "related": "2", "type": "1"}}, {"model": "appliances.Skill", "pk": 40, "fields": {"name": "Apache Lucene", "image": "skills/apache_lucene.png", "related": "1", "type": "1"}}, {"model": "appliances.Skill", "pk": 41, "fields": {"name": "Apache Struts", "image": "skills/apache_struts.png", "related": "1", "type": "1"}}, {"model": "appliances.Skill", "pk": 42, "fields": {"name": "Apache Tapestry", "image": "skills/apache_tapestry.png", "related": "1", "type": "1"}}, {"model": "appliances.Skill", "pk": 43, "fields": {"name": "Google Guava", "image": "skills/guava.jpeg", "related": "1", "type": "1"}}, {"model": "appliances.Skill", "pk": 44, "fields": {"name": "Hadoop", "image": "skills/hadoop.png", "related": "1", "type": "1"}}, {"model": "appliances.Skill", "pk": 45, "fields": {"name": "Hibernate", "image": "skills/hibernate.png", "related": "1", "type": "1"}}, {"model": "appliances.Skill", "pk": 46, "fields": {"name": "JavaFX", "image": "skills/javafx.png", "related": "1", "type": "1"}}, {"model": "appliances.Skill", "pk": 47, "fields": {"name": "JavaServer Faces", "image": "skills/javaserver_faces.png", "related": "1", "type": "1"}}, {"model": "appliances.Skill", "pk": 48, "fields": {"name": "JUnit", "image": "skills/junit.png", "related": "1", "type": "1"}}, {"model": "appliances.Skill", "pk": 49, "fields": {"name": "Play Framework", "image": "skills/play_framework.png", "related": "1", "type": "1"}}, {"model": "appliances.Skill", "pk": 50, "fields": {"name": "Qt Jambi", "image": "skills/qt_jambi.png", "related": "1", "type": "1"}}, {"model": "appliances.Skill", "pk": 51, "fields": {"name": "Spring", "image": "skills/spring.png", "related": "1", "type": "1"}}, {"model": "appliances.Skill", "pk": 52, "fields": {"name": "Zerocouplage", "image": "skills/zerocouplage.png", "related": "1", "type": "1"}}, {"model": "appliances.Skill", "pk": 53, "fields": {"name": "Laravel", "image": "skills/laravel.png", "related": "3", "type": "1"}}, {"model": "appliances.Skill", "pk": 54, "fields": {"name": "Symfony", "image": "skills/symfony.png", "related": "3", "type": "1"}}, {"model": "appliances.Skill", "pk": 55, "fields": {"name": "CodeIgniter", "image": "skills/codeigniter.png", "related": "3", "type": "1"}}, {"model": "appliances.Skill", "pk": 56, "fields": {"name": "Zend Framework", "image": "skills/zend.png", "related": "3", "type": "1"}}, {"model": "appliances.Skill", "pk": 57, "fields": {"name": "Yii", "image": "skills/yii.png", "related": "3", "type": "1"}}, {"model": "appliances.Skill", "pk": 58, "fields": {"name": "CakePHP", "image": "skills/cakephp.png", "related": "3", "type": "1"}}, {"model": "appliances.Skill", "pk": 59, "fields": {"name": "Angular", "image": "skills/angular_KoBRI8k.png", "related": "7", "type": "1"}}, {"model": "appliances.Skill", "pk": 60, "fields": {"name": "AngularJS", "image": "skills/angularjs.png", "related": "7", "type": "1"}}, {"model": "appliances.Skill", "pk": 61, "fields": {"name": "Cappuccino", "image": "skills/cappuccino.png", "related": "7", "type": "1"}}, {"model": "appliances.Skill", "pk": 62, "fields": {"name": "Ember.js", "image": "skills/emberjs.png", "related": "7", "type": "1"}}, {"model": "appliances.Skill", "pk": 63, "fields": {"name": "Prototype", "image": "skills/prototype.png", "related": "7", "type": "1"}}, {"model": "appliances.Skill", "pk": 64, "fields": {"name": "React.js", "image": "skills/react_js.png", "related": "7", "type": "1"}}, {"model": "appliances.Skill", "pk": 65, "fields": {"name": "Vue.js", "image": "skills/vue_js.png", "related": "7", "type": "1"}}, {"model": "appliances.Skill", "pk": 66, "fields": {"name": "Node.js", "image": "skills/nodejs.png", "related": "7", "type": "1"}}, {"model": "appliances.Skill", "pk": 67, "fields": {"name": "jQuery", "image": "skills/jquery.png", "related": "7", "type": "1"}}, {"model": "appliances.Skill", "pk": 68, "fields": {"name": "Bootstrap", "image": "skills/bootstrap.png", "related": "27", "type": "1"}}, {"model": "appliances.Skill", "pk": 69, "fields": {"name": "Rails", "image": "skills/rails.png", "related": "12", "type": "1"}}, {"model": "appliances.Skill", "pk": 70, "fields": {"name": "Drupal", "image": "skills/drupal.png", "related": "3", "type": "1"}}, {"model": "appliances.Skill", "pk": 71, "fields": {"name": "BlueJ", "image": "skills/bluej.png", "related": "1", "type": "2"}}, {"model": "appliances.Skill", "pk": 72, "fields": {"name": "Eclipse", "image": "skills/eclipse.png", "related": "1", "type": "2"}}, {"model": "appliances.Skill", "pk": 73, "fields": {"name": "AWS Cloud", "image": "skills/aws_cloud.png", "related": null, "type": "2"}}, {"model": "appliances.Skill", "pk": 74, "fields": {"name": "Windows", "image": "skills/windows.png", "related": null, "type": "4"}}, {"model": "appliances.Skill", "pk": 75, "fields": {"name": "MacOS", "image": "skills/macos_7qpzWH9.png", "related": null, "type": "4"}}, {"model": "appliances.Skill", "pk": 76, "fields": {"name": "Linux", "image": "skills/linux.png", "related": null, "type": "4"}}, {"model": "appliances.Skill", "pk": 77, "fields": {"name": "Ubuntu", "image": "skills/ubuntu.png", "related": "76", "type": "4"}}, {"model": "appliances.Skill", "pk": 78, "fields": {"name": "Debian", "image": "skills/debian.png", "related": "76", "type": "4"}}, {"model": "appliances.Skill", "pk": 79, "fields": {"name": "Fedora", "image": "skills/fedora.png", "related": "76", "type": "4"}}, {"model": "appliances.Skill", "pk": 80, "fields": {"name": "CodeLite", "image": "skills/codelite.png", "related": null, "type": "2"}}, {"model": "appliances.Skill", "pk": 81, "fields": {"name": "UML", "image": "skills/uml.png", "related": null, "type": "5"}}, {"model": "appliances.Skill", "pk": 82, "fields": {"name": "Agile", "image": "skills/agile.png", "related": null, "type": "5"}}, {"model": "appliances.Skill", "pk": 83, "fields": {"name": "SCRUM", "image": "skills/scrum.png", "related": "82", "type": "5"}}, {"model": "appliances.Skill", "pk": 84, "fields": {"name": "Kanban", "image": "skills/kanban.png", "related": "82", "type": "5"}}, {"model": "appliances.Skill", "pk": 85, "fields": {"name": "NetBeans", "image": "skills/netbeans.png", "related": null, "type": "2"}}, {"model": "appliances.Skill", "pk": 87, "fields": {"name": "PhpStorm", "image": "skills/phpstorm.png", "related": "3", "type": "2"}}, {"model": "appliances.Skill", "pk": 92, "fields": {"name": "PyCharm", "image": "skills/pycharm.png", "related": "2", "type": "2"}}, {"model": "appliances.Skill", "pk": 93, "fields": {"name": "AppCode", "image": "skills/appcode.png", "related": "25", "type": "2"}}, {"model": "appliances.Skill", "pk": 94, "fields": {"name": "CLion", "image": "skills/clion.png", "related": "5", "type": "2"}}, {"model": "appliances.Skill", "pk": 95, "fields": {"name": "DataGrip", "image": "skills/datagrip.png", "related": "24", "type": "2"}}, {"model": "appliances.Skill", "pk": 96, "fields": {"name": "PostgreSQL", "image": "skills/postgresql.png", "related": "24", "type": "0"}}, {"model": "appliances.Skill", "pk": 97, "fields": {"name": "MySQL", "image": "skills/musql.png", "related": "24", "type": "0"}}, {"model": "appliances.Skill", "pk": 98, "fields": {"name": "MongoDB", "image": "skills/mongodb.png", "related": "24", "type": "0"}}, {"model": "appliances.Skill", "pk": 99, "fields": {"name": "Oracle", "image": "skills/oracle.png", "related": "24", "type": "0"}}, {"model": "appliances.Skill", "pk": 100, "fields": {"name": "SQL Server", "image": "skills/sql_server.png", "related": "24", "type": "0"}}, {"model": "appliances.Skill", "pk": 101, "fields": {"name": "MariaDB", "image": "skills/mariadb.png", "related": "24", "type": "0"}}, {"model": "appliances.Skill", "pk": 102, "fields": {"name": "GoLand", "image": "skills/goland.png", "related": "19", "type": "2"}}, {"model": "appliances.Skill", "pk": 103, "fields": {"name": "IntelliJ", "image": "skills/intellij.png", "related": "1", "type": "2"}}, {"model": "appliances.Skill", "pk": 104, "fields": {"name": "NumPy", "image": "skills/numpy.png", "related": "2", "type": "3"}}, {"model": "appliances.Skill", "pk": 105, "fields": {"name": "Pandas", "image": "skills/pandas.png", "related": "2", "type": "3"}}, {"model": "appliances.Skill", "pk": 106, "fields": {"name": "matplotlib", "image": "skills/matplotlib.png", "related": "2", "type": "3"}}, {"model": "appliances.Skill", "pk": 107, "fields": {"name": "Anaconda", "image": "skills/anaconda.png", "related": "2", "type": "3"}}, {"model": "appliances.Skill", "pk": 108, "fields": {"name": "Jupyter Notebook", "image": "skills/jupyter.png", "related": "2", "type": "3"}}, {"model": "appliances.Skill", "pk": 109, "fields": {"name": "Kotlin", "image": "skills/kotlin.png", "related": null, "type": "0"}}, {"model": "appliances.Skill", "pk": 110, "fields": {"name": "J2EE", "image": "skills/j2ee.png", "related": "1", "type": "3"}}, {"model": "appliances.Skill", "pk": 111, "fields": {"name": "Jakarta EE", "image": "skills/jakarta_ee.png", "related": "1", "type": "3"}}, {"model": "appliances.Skill", "pk": 112, "fields": {"name": "RubyMine", "image": "skills/rubymine.png", "related": "12", "type": "2"}}, {"model": "appliances.Skill", "pk": 113, "fields": {"name": "Selenium", "image": "skills/selenium.png", "related": "115", "type": "2"}}, {"model": "appliances.Skill", "pk": 114, "fields": {"name": "Test Driven Development", "image": "skills/tdd.png", "related": "115", "type": "5"}}, {"model": "appliances.Skill", "pk": 115, "fields": {"name": "Tests", "image": "skills/tests.png", "related": null, "type": "5"}}, {"model": "appliances.Skill", "pk": 116, "fields": {"name": "Android", "image": "skills/android.png", "related": null, "type": "4"}}, {"model": "appliances.Skill", "pk": 117, "fields": {"name": "Git", "image": "skills/git.png", "related": null, "type": "5"}}, {"model": "appliances.Skill", "pk": 118, "fields": {"name": "GitHub", "image": "skills/github.png", "related": null, "type": "5"}}, {"model": "appliances.Skill", "pk": 119, "fields": {"name": "SVN", "image": "skills/svn.png", "related": null, "type": "5"}}, {"model": "appliances.Skill", "pk": 120, "fields": {"name": "Turtoise SVN", "image": "skills/turtoise_svn.png", "related": "119", "type": "5"}}, {"model": "appliances.Mission", "pk": 1, "fields": {"appliance": 1, "title": "Mission1", "description": "", "skills": [99, 12, 26, 98, 17, 96, 2, 14, 11, 30, 24, 13, 3, 27, 19, 101, 9, 22, 23, 10, 100, 21, 97, 7, 109, 20, 37, 60, 114, 118, 81, 120, 84]}}, {"model": "appliances.Mission", "pk": 2, "fields": {"appliance": 1, "title": "Mission2", "description": "", "skills": [2, 7, 28, 14, 23, 4, 109, 27, 10, 19, 8, 11, 26, 30, 44, 58, 40, 56, 57, 33, 51, 43, 68, 50, 63, 37, 60, 42, 32, 31, 34, 49, 52, 47, 46, 61, 41, 64, 48, 45, 55, 38, 36, 69, 62, 35, 70, 67, 53, 65, 39, 66, 113, 72, 112, 73, 103, 87, 71, 95, 80, 92, 102, 94]}}, {"model": "appliances.Mission", "pk": 3, "fields": {"appliance": 1, "title": "Mission3", "description": "", "skills": [93, 72]}}, {"model": "appliances.Mission", "pk": 4, "fields": {"appliance": 2, "title": "Mission4", "description": "Magnam neque magnam velit quaerat numquam. Amet magnam quisquam tempora tempora sed est non. Quisquam magnam etincidunt aliquam dolore. Dolor labore ipsum sit etincidunt est quiquia dolorem. Neque magnam eius velit dolore dolorem. Ipsum numquam labore dolor ut eius neque. Dolor consectetur porro dolorem.", "skills": [104, 107, 108, 111, 105, 106, 110, 79, 74, 116, 78, 77, 117, 82]}}, {"model": "appliances.Mission", "pk": 5, "fields": {"appliance": 2, "title": "Mission5", "description": "", "skills": [46, 65, 61, 53, 41, 32, 62, 43, 38, 68, 34, 57, 33, 39, 58, 63, 59, 70, 67, 37, 48, 56, 44, 36, 54, 55, 42, 31, 64, 69, 35, 51, 82, 83, 119, 120, 84, 81, 114, 115, 118]}}, {"model": "appliances.Mission", "pk": 6, "fields": {"appliance": 2, "title": "Mission6", "description": "", "skills": [107, 106, 105, 111, 104, 110, 108, 83, 118, 119, 115, 117, 84, 82, 114]}}, {"model": "appliances.Mission", "pk": 7, "fields": {"appliance": 2, "title": "Mission7", "description": "Adipisci aliquam quaerat adipisci velit. Voluptatem consectetur consectetur non voluptatem aliquam non. Voluptatem aliquam quiquia est consectetur voluptatem sit dolor. Voluptatem magnam tempora labore dolor. Consectetur non magnam ipsum quiquia. Neque voluptatem consectetur eius. Adipisci modi quaerat amet amet est non labore. Aliquam dolore adipisci quisquam quisquam dolore neque adipisci. Ut quisquam magnam quiquia adipisci numquam labore sit.", "skills": [112, 80, 113, 93, 73, 85, 94, 25, 118, 120, 119, 82, 83, 81, 117, 84]}}, {"model": "appliances.Mission", "pk": 8, "fields": {"appliance": 3, "title": "Mission8", "description": "Amet quaerat neque ipsum eius. Ipsum ipsum ut sed amet. Non adipisci amet non labore voluptatem. Quaerat magnam sed est porro. Numquam non tempora ut etincidunt etincidunt labore. Tempora quiquia etincidunt ut dolor tempora ut. Dolor modi etincidunt non velit non non sit. Est amet dolor etincidunt.", "skills": [102, 110, 104, 105, 78, 76, 116, 117, 115, 81]}}, {"model": "appliances.Mission", "pk": 9, "fields": {"appliance": 4, "title": "Mission9", "description": "", "skills": [50, 53, 51, 34, 31, 41, 70, 42, 32, 59, 43, 33, 75, 76, 116, 115, 81]}}, {"model": "appliances.Mission", "pk": 10, "fields": {"appliance": 9, "title": "Mission10", "description": "Quisquam modi consectetur dolor dolorem aliquam. Quiquia magnam consectetur non tempora numquam dolor sed. Labore tempora porro dolor velit amet velit. Quaerat dolorem ipsum magnam consectetur non porro. Voluptatem ut eius consectetur sit neque sed. Sed etincidunt est magnam non.", "skills": [41, 68, 31, 58, 39, 69, 65, 33, 50, 70, 40, 45, 51, 53, 57, 52, 37, 36, 67, 44, 38, 56, 61, 49, 46, 60, 34, 64, 35, 54, 32, 63, 55, 66, 48, 42, 59, 62, 47, 75, 74, 77, 78]}}, {"model": "appliances.Mission", "pk": 11, "fields": {"appliance": 10, "title": "Mission11", "description": "", "skills": [13, 22, 1, 28, 7, 5, 2, 15, 16, 4, 9, 109, 30, 17, 99, 101, 96, 14, 29, 26, 11, 8, 6, 12, 24, 98, 100, 27, 21, 97, 80, 71, 112, 73, 87, 113, 94, 85, 92, 72, 84, 83, 115, 82, 120]}}, {"model": "appliances.Mission", "pk": 12, "fields": {"appliance": 11, "title": "Mission12", "description": "", "skills": [66, 57, 65, 60, 51, 58, 48, 43, 35, 68, 47, 64, 54, 34, 50, 62, 56, 32, 59, 87, 72, 92, 85, 103, 93, 102]}}, {"model": "appliances.Mission", "pk": 13, "fields": {"appliance": 12, "title": "Mission13", "description": "Quaerat porro quaerat ipsum dolorem etincidunt eius. Quiquia non magnam neque ut amet neque. Voluptatem sed eius quisquam quisquam sed sed. Tempora ipsum tempora quaerat consectetur porro amet aliquam. Modi non dolore dolor dolorem. Porro velit ipsum quiquia modi dolorem amet neque.", "skills": [3, 22, 18, 5, 100, 6, 7, 2, 101, 19, 24, 20, 17, 29, 28, 97, 13, 11, 80, 92, 72, 94, 113, 87, 85, 102, 73, 103, 93, 95, 71]}}, {"model": "appliances.Task", "pk": 1, "fields": {"user": 1, "appliance": 1, "description": "Velit quiquia eius quaerat numquam.", "done": true}}, {"model": "appliances.Task", "pk": 2, "fields": {"user": 1, "appliance": 1, "description": "Labore ipsum consectetur est amet consectetur velit etincidunt.", "done": true}}, {"model": "appliances.Task", "pk": 3, "fields": {"user": 1, "appliance": 1, "description": "Ipsum ut quisquam quiquia adipisci porro.", "done": true}}, {"model": "appliances.Task", "pk": 4, "fields": {"user": 2, "appliance": 2, "description": "Ut quisquam neque tempora consectetur dolorem sed sit.", "done": true}}, {"model": "appliances.Task", "pk": 5, "fields": {"user": 2, "appliance": 2, "description": "Amet voluptatem modi ipsum tempora ipsum adipisci non.", "done": true}}, {"model": "appliances.Task", "pk": 6, "fields": {"user": 2, "appliance": 2, "description": "Adipisci velit adipisci velit est porro quisquam quiquia.", "done": false}}, {"model": "appliances.Task", "pk": 7, "fields": {"user": 2, "appliance": 2, "description": "Tempora porro dolorem non.", "done": true}}, {"model": "appliances.Task", "pk": 8, "fields": {"user": 2, "appliance": 2, "description": "Sit dolore quiquia quisquam non.", "done": false}}, {"model": "appliances.Task", "pk": 9, "fields": {"user": 3, "appliance": 3, "description": "Non porro sit neque.", "done": false}}, {"model": "appliances.Task", "pk": 10, "fields": {"user": 3, "appliance": 3, "description": "Quaerat eius adipisci quisquam.", "done": true}}, {"model": "appliances.Task", "pk": 11, "fields": {"user": 3, "appliance": 3, "description": "Quisquam sed neque etincidunt consectetur etincidunt etincidunt.", "done": false}}, {"model": "appliances.Task", "pk": 12, "fields": {"user": 3, "appliance": 3, "description": "Porro dolore aliquam numquam neque tempora eius velit.", "done": true}}, {"model": "appliances.Task", "pk": 13, "fields": {"user": 1, "appliance": 5, "description": "Dolorem porro porro sit ipsum magnam etincidunt quaerat.", "done": false}}, {"model": "appliances.Task", "pk": 14, "fields": {"user": 1, "appliance": 5, "description": "Numquam ut voluptatem non.", "done": true}}, {"model": "appliances.Task", "pk": 15, "fields": {"user": 1, "appliance": 5, "description": "Dolor dolore quaerat sit sit neque dolore labore.", "done": false}}, {"model": "appliances.Task", "pk": 16, "fields": {"user": 1, "appliance": 5, "description": "Etincidunt labore est tempora.", "done": true}}, {"model": "appliances.Task", "pk": 17, "fields": {"user": 1, "appliance": 5, "description": "Magnam aliquam aliquam voluptatem tempora modi dolore.", "done": true}}, {"model": "appliances.Task", "pk": 18, "fields": {"user": 3, "appliance": 6, "description": "Quiquia voluptatem ipsum dolore est magnam adipisci.", "done": false}}, {"model": "appliances.Task", "pk": 19, "fields": {"user": 1, "appliance": 7, "description": "Est numquam modi dolorem est porro dolore.", "done": true}}, {"model": "appliances.Task", "pk": 20, "fields": {"user": 1, "appliance": 7, "description": "Labore consectetur aliquam velit neque magnam porro.", "done": true}}, {"model": "appliances.Task", "pk": 21, "fields": {"user": 1, "appliance": 7, "description": "Adipisci dolore dolor aliquam.", "done": true}}, {"model": "appliances.Task", "pk": 22, "fields": {"user": 1, "appliance": 7, "description": "Quiquia adipisci consectetur aliquam non.", "done": true}}, {"model": "appliances.Task", "pk": 23, "fields": {"user": 1, "appliance": 7, "description": "Eius magnam adipisci modi aliquam tempora.", "done": true}}, {"model": "appliances.Task", "pk": 24, "fields": {"user": 1, "appliance": 7, "description": "Ut neque velit consectetur velit amet etincidunt.", "done": false}}, {"model": "appliances.Task", "pk": 25, "fields": {"user": 1, "appliance": 7, "description": "Quaerat velit modi amet.", "done": true}}, {"model": "appliances.Task", "pk": 26, "fields": {"user": 1, "appliance": 7, "description": "Numquam ipsum eius modi quiquia dolor sit etincidunt.", "done": true}}, {"model": "appliances.Task", "pk": 27, "fields": {"user": 1, "appliance": 7, "description": "Amet dolor velit ut voluptatem amet modi.", "done": false}}, {"model": "appliances.Task", "pk": 28, "fields": {"user": 1, "appliance": 8, "description": "Dolore ipsum adipisci dolor numquam sit quaerat magnam.", "done": true}}, {"model": "appliances.Task", "pk": 29, "fields": {"user": 1, "appliance": 8, "description": "Dolorem amet sit porro numquam.", "done": false}}, {"model": "appliances.Task", "pk": 30, "fields": {"user": 1, "appliance": 8, "description": "Voluptatem voluptatem aliquam aliquam tempora.", "done": true}}, {"model": "appliances.Task", "pk": 31, "fields": {"user": 1, "appliance": 8, "description": "Non numquam est etincidunt quaerat.", "done": true}}, {"model": "appliances.Task", "pk": 32, "fields": {"user": 1, "appliance": 8, "description": "Non sed quisquam porro.", "done": false}}, {"model": "appliances.Task", "pk": 33, "fields": {"user": 1, "appliance": 8, "description": "Aliquam adipisci velit voluptatem.", "done": false}}, {"model": "appliances.Task", "pk": 34, "fields": {"user": 1, "appliance": 8, "description": "Ut neque quaerat dolor dolore numquam dolore.", "done": false}}, {"model": "appliances.Task", "pk": 35, "fields": {"user": 3, "appliance": 9, "description": "Sit ut consectetur magnam sed numquam dolorem non.", "done": true}}, {"model": "appliances.Task", "pk": 36, "fields": {"user": 3, "appliance": 9, "description": "Modi non ipsum etincidunt.", "done": true}}, {"model": "appliances.Task", "pk": 37, "fields": {"user": 3, "appliance": 9, "description": "Dolore est consectetur etincidunt velit.", "done": false}}, {"model": "appliances.Task", "pk": 38, "fields": {"user": 3, "appliance": 9, "description": "Non consectetur quisquam consectetur sed.", "done": false}}, {"model": "appliances.Task", "pk": 39, "fields": {"user": 3, "appliance": 9, "description": "Neque labore dolor etincidunt quaerat dolorem etincidunt.", "done": false}}, {"model": "appliances.Task", "pk": 40, "fields": {"user": 3, "appliance": 9, "description": "Quiquia quiquia tempora etincidunt tempora.", "done": true}}, {"model": "appliances.Task", "pk": 41, "fields": {"user": 2, "appliance": 10, "description": "Ipsum tempora porro aliquam porro eius adipisci quaerat.", "done": false}}, {"model": "appliances.Task", "pk": 42, "fields": {"user": 2, "appliance": 10, "description": "Magnam non quisquam aliquam.", "done": true}}, {"model": "appliances.Task", "pk": 43, "fields": {"user": 2, "appliance": 10, "description": "Magnam voluptatem aliquam dolore velit etincidunt porro ut.", "done": true}}, {"model": "appliances.Task", "pk": 44, "fields": {"user": 2, "appliance": 11, "description": "Etincidunt modi voluptatem dolore ut dolorem sed.", "done": true}}, {"model": "appliances.Task", "pk": 45, "fields": {"user": 2, "appliance": 11, "description": "Neque labore dolore sit.", "done": false}}, {"model": "appliances.Task", "pk": 46, "fields": {"user": 2, "appliance": 11, "description": "Dolor numquam consectetur aliquam dolore dolorem dolorem numquam.", "done": false}}, {"model": "appliances.Task", "pk": 47, "fields": {"user": 2, "appliance": 11, "description": "Quaerat dolore eius dolorem quisquam labore sit.", "done": false}}, {"model": "appliances.Task", "pk": 48, "fields": {"user": 2, "appliance": 11, "description": "Etincidunt ut magnam non amet velit numquam.", "done": true}}, {"model": "appliances.Task", "pk": 49, "fields": {"user": 2, "appliance": 11, "description": "Magnam labore dolore porro quisquam.", "done": false}}, {"model": "appliances.Task", "pk": 50, "fields": {"user": 2, "appliance": 11, "description": "Dolorem amet consectetur quiquia modi non quiquia.", "done": false}}, {"model": "appliances.Task", "pk": 51, "fields": {"user": 3, "appliance": 12, "description": "Adipisci sed numquam consectetur ipsum est consectetur.", "done": true}}, {"model": "appliances.Task", "pk": 52, "fields": {"user": 3, "appliance": 12, "description": "Tempora neque neque consectetur dolor eius.", "done": true}}, {"model": "appliances.Task", "pk": 53, "fields": {"user": 3, "appliance": 12, "description": "Porro velit dolorem adipisci non labore.", "done": false}}]