[{"model": "appliances.Appliance", "pk": 1, "fields": {"company": 1, "user": 1, "status": 80, "estimated_salary": 32.1, "proposed_salary": 35.3, "environment_notation": 2, "environment_details": "", "values_notation": 1, "values_details": "Dolor dolorem etincidunt neque non amet sed modi.", "evolution_notation": 0, "evolution_details": "", "knowledge_notation": 3, "knowledge_details": "", "management_notation": 2, "management_details": "", "advantages_notation": 4, "advantages_details": "Adipisci magnam quaerat quisquam.", "notoriety_notation": 3, "notoriety_details": "Magnam aliquam tempora tempora porro dolorem non magnam.", "office_notation": 4, "office_details": ""}}, {"model": "appliances.Appliance", "pk": 2, "fields": {"company": 1, "user": 2, "status": 30, "estimated_salary": 29.9, "proposed_salary": 42.8, "environment_notation": 2, "environment_details": "", "values_notation": 2, "values_details": "Quisquam consectetur dolorem ipsum aliquam aliquam dolor quisquam.", "evolution_notation": 5, "evolution_details": "Ut quisquam tempora aliquam eius neque.", "knowledge_notation": 5, "knowledge_details": "Magnam numquam eius velit neque eius ut.", "management_notation": 4, "management_details": "Magnam sit velit velit porro quisquam sed.", "advantages_notation": 2, "advantages_details": "Porro quisquam aliquam eius labore.", "notoriety_notation": 0, "notoriety_details": "", "office_notation": 2, "office_details": "Non consectetur quaerat eius."}}, {"model": "appliances.Appliance", "pk": 3, "fields": {"company": 1, "user": 3, "status": 10, "estimated_salary": 42.7, "proposed_salary": 34.2, "environment_notation": 5, "environment_details": "Velit magnam modi amet labore aliquam ut velit.", "values_notation": 1, "values_details": "", "evolution_notation": 0, "evolution_details": "Porro est voluptatem ut.", "knowledge_notation": 5, "knowledge_details": "", "management_notation": 1, "management_details": "", "advantages_notation": 0, "advantages_details": "Modi voluptatem neque neque magnam ut.", "notoriety_notation": 3, "notoriety_details": "Dolor quisquam sed quaerat aliquam ipsum sed dolore.", "office_notation": 2, "office_details": ""}}, {"model": "appliances.Appliance", "pk": 4, "fields": {"company": 1, "user": 4, "status": 0, "estimated_salary": 45.4, "proposed_salary": 37.5, "environment_notation": 3, "environment_details": "Numquam est dolore aliquam eius.", "values_notation": 3, "values_details": "Neque sed sed quisquam voluptatem.", "evolution_notation": 2, "evolution_details": "", "knowledge_notation": 4, "knowledge_details": "", "management_notation": 1, "management_details": "Etincidunt est ipsum magnam dolore porro etincidunt.", "advantages_notation": 5, "advantages_details": "Aliquam dolorem tempora non quisquam.", "notoriety_notation": 0, "notoriety_details": "", "office_notation": 5, "office_details": "Neque eius ipsum non velit eius."}}, {"model": "appliances.Appliance", "pk": 5, "fields": {"company": 1, "user": 5, "status": 80, "estimated_salary": 25.3, "proposed_salary": 37.4, "environment_notation": 5, "environment_details": "", "values_notation": 3, "values_details": "", "evolution_notation": 0, "evolution_details": "", "knowledge_notation": 1, "knowledge_details": "", "management_notation": 4, "management_details": "Modi ut voluptatem tempora ipsum velit ipsum tempora.", "advantages_notation": 5, "advantages_details": "", "notoriety_notation": 0, "notoriety_details": "Quisquam consectetur labore amet aliquam tempora sed.", "office_notation": 4, "office_details": ""}}, {"model": "appliances.Appliance", "pk": 6, "fields": {"company": 1, "user": 6, "status": 0, "estimated_salary": 30.0, "proposed_salary": 32.0, "environment_notation": 1, "environment_details": "", "values_notation": 4, "values_details": "", "evolution_notation": 2, "evolution_details": "", "knowledge_notation": 4, "knowledge_details": "", "management_notation": 1, "management_details": "", "advantages_notation": 4, "advantages_details": "Adipisci etincidunt neque quaerat dolor.", "notoriety_notation": 0, "notoriety_details": "", "office_notation": 2, "office_details": ""}}, {"model": "appliances.Appliance", "pk": 7, "fields": {"company": 1, "user": 7, "status": 80, "estimated_salary": 25.6, "proposed_salary": 29.8, "environment_notation": 5, "environment_details": "", "values_notation": 0, "values_details": "Dolore aliquam non sit modi est est.", "evolution_notation": 2, "evolution_details": "", "knowledge_notation": 1, "knowledge_details": "", "management_notation": 0, "management_details": "Porro est dolorem sed velit quisquam numquam porro.", "advantages_notation": 4, "advantages_details": "", "notoriety_notation": 4, "notoriety_details": "Velit quiquia dolore non.", "office_notation": 4, "office_details": ""}}, {"model": "appliances.Appliance", "pk": 8, "fields": {"company": 2, "user": 1, "status": 30, "estimated_salary": 39.0, "proposed_salary": 40.6, "environment_notation": 3, "environment_details": "", "values_notation": 4, "values_details": "", "evolution_notation": 0, "evolution_details": "", "knowledge_notation": 5, "knowledge_details": "", "management_notation": 5, "management_details": "Ipsum non ipsum voluptatem porro.", "advantages_notation": 1, "advantages_details": "", "notoriety_notation": 3, "notoriety_details": "", "office_notation": 5, "office_details": ""}}, {"model": "appliances.Appliance", "pk": 9, "fields": {"company": 2, "user": 7, "status": 40, "estimated_salary": 35.3, "proposed_salary": 36.8, "environment_notation": 5, "environment_details": "", "values_notation": 0, "values_details": "Voluptatem quisquam quiquia dolor tempora consectetur est voluptatem.", "evolution_notation": 2, "evolution_details": "Dolore tempora adipisci ipsum consectetur sit dolore.", "knowledge_notation": 1, "knowledge_details": "", "management_notation": 1, "management_details": "", "advantages_notation": 2, "advantages_details": "", "notoriety_notation": 2, "notoriety_details": "", "office_notation": 1, "office_details": ""}}, {"model": "appliances.Appliance", "pk": 10, "fields": {"company": 2, "user": 2, "status": 50, "estimated_salary": 29.2, "proposed_salary": 34.6, "environment_notation": 5, "environment_details": "Voluptatem non magnam ipsum.", "values_notation": 0, "values_details": "", "evolution_notation": 4, "evolution_details": "", "knowledge_notation": 4, "knowledge_details": "", "management_notation": 5, "management_details": "", "advantages_notation": 5, "advantages_details": "", "notoriety_notation": 4, "notoriety_details": "", "office_notation": 4, "office_details": "Voluptatem etincidunt ut dolor tempora modi amet quiquia."}}, {"model": "appliances.Appliance", "pk": 11, "fields": {"company": 3, "user": 5, "status": 20, "estimated_salary": 41.6, "proposed_salary": 44.2, "environment_notation": 2, "environment_details": "Sit non adipisci neque numquam.", "values_notation": 0, "values_details": "Modi aliquam etincidunt tempora velit.", "evolution_notation": 3, "evolution_details": "", "knowledge_notation": 3, "knowledge_details": "", "management_notation": 3, "management_details": "", "advantages_notation": 1, "advantages_details": "", "notoriety_notation": 5, "notoriety_details": "", "office_notation": 4, "office_details": ""}}, {"model": "appliances.Appliance", "pk": 12, "fields": {"company": 3, "user": 2, "status": 10, "estimated_salary": 41.8, "proposed_salary": 27.0, "environment_notation": 4, "environment_details": "", "values_notation": 3, "values_details": "Velit velit quaerat dolor quiquia tempora neque.", "evolution_notation": 5, "evolution_details": "Quiquia numquam velit modi tempora.", "knowledge_notation": 0, "knowledge_details": "", "management_notation": 4, "management_details": "Tempora neque aliquam adipisci tempora.", "advantages_notation": 2, "advantages_details": "Amet neque quaerat quiquia etincidunt.", "notoriety_notation": 3, "notoriety_details": "", "office_notation": 5, "office_details": ""}}, {"model": "appliances.Appliance", "pk": 13, "fields": {"company": 3, "user": 7, "status": 10, "estimated_salary": 27.3, "proposed_salary": 43.5, "environment_notation": 3, "environment_details": "Magnam magnam non est.", "values_notation": 1, "values_details": "Aliquam quaerat tempora ut quisquam.", "evolution_notation": 2, "evolution_details": "Etincidunt amet voluptatem velit aliquam numquam ipsum sit.", "knowledge_notation": 0, "knowledge_details": "", "management_notation": 3, "management_details": "", "advantages_notation": 3, "advantages_details": "", "notoriety_notation": 3, "notoriety_details": "Consectetur porro ipsum quisquam.", "office_notation": 4, "office_details": ""}}, {"model": "appliances.Appliance", "pk": 14, "fields": {"company": 3, "user": 6, "status": 30, "estimated_salary": 27.4, "proposed_salary": 38.3, "environment_notation": 3, "environment_details": "Numquam dolor neque aliquam est.", "values_notation": 3, "values_details": "Aliquam sed quisquam ipsum magnam sit.", "evolution_notation": 2, "evolution_details": "", "knowledge_notation": 0, "knowledge_details": "", "management_notation": 2, "management_details": "Velit dolor sed quaerat.", "advantages_notation": 5, "advantages_details": "Voluptatem quisquam modi quaerat adipisci tempora sit.", "notoriety_notation": 2, "notoriety_details": "", "office_notation": 1, "office_details": "Modi adipisci consectetur quiquia eius ipsum magnam quiquia."}}, {"model": "appliances.Appliance", "pk": 15, "fields": {"company": 3, "user": 4, "status": 80, "estimated_salary": 32.9, "proposed_salary": 44.4, "environment_notation": 5, "environment_details": "", "values_notation": 2, "values_details": "Dolore labore velit aliquam.", "evolution_notation": 2, "evolution_details": "", "knowledge_notation": 3, "knowledge_details": "", "management_notation": 5, "management_details": "Est ipsum est quiquia.", "advantages_notation": 0, "advantages_details": "Numquam porro ipsum quisquam consectetur dolore.", "notoriety_notation": 5, "notoriety_details": "", "office_notation": 5, "office_details": "Tempora aliquam voluptatem ut porro numquam."}}, {"model": "appliances.Appliance", "pk": 16, "fields": {"company": 3, "user": 1, "status": 30, "estimated_salary": 35.3, "proposed_salary": 39.4, "environment_notation": 3, "environment_details": "Velit dolore ipsum sed aliquam quaerat adipisci.", "values_notation": 1, "values_details": "", "evolution_notation": 3, "evolution_details": "", "knowledge_notation": 1, "knowledge_details": "Amet magnam quiquia magnam dolore eius.", "management_notation": 1, "management_details": "", "advantages_notation": 5, "advantages_details": "Porro ut consectetur dolore ut.", "notoriety_notation": 5, "notoriety_details": "Numquam quaerat ut ut.", "office_notation": 2, "office_details": "Magnam sed quiquia non quiquia etincidunt neque dolor."}}, {"model": "appliances.Appliance", "pk": 17, "fields": {"company": 3, "user": 3, "status": 60, "estimated_salary": 27.8, "proposed_salary": 34.9, "environment_notation": 3, "environment_details": "", "values_notation": 4, "values_details": "", "evolution_notation": 4, "evolution_details": "", "knowledge_notation": 4, "knowledge_details": "Magnam dolorem quisquam eius quiquia voluptatem.", "management_notation": 0, "management_details": "Quiquia eius numquam etincidunt non modi.", "advantages_notation": 3, "advantages_details": "", "notoriety_notation": 3, "notoriety_details": "Quisquam numquam magnam velit sit.", "office_notation": 2, "office_details": "Est sed sit etincidunt neque ipsum quisquam."}}, {"model": "appliances.Appliance", "pk": 18, "fields": {"company": 4, "user": 4, "status": 10, "estimated_salary": 26.9, "proposed_salary": 26.3, "environment_notation": 5, "environment_details": "", "values_notation": 5, "values_details": "", "evolution_notation": 2, "evolution_details": "Dolorem etincidunt aliquam dolor aliquam amet modi.", "knowledge_notation": 5, "knowledge_details": "", "management_notation": 2, "management_details": "Dolor adipisci est eius aliquam dolore labore.", "advantages_notation": 4, "advantages_details": "Modi eius sed sit sed.", "notoriety_notation": 2, "notoriety_details": "Dolore etincidunt non est amet voluptatem sit.", "office_notation": 5, "office_details": "Magnam eius neque porro."}}, {"model": "appliances.Appliance", "pk": 19, "fields": {"company": 4, "user": 3, "status": 40, "estimated_salary": 35.6, "proposed_salary": 36.1, "environment_notation": 3, "environment_details": "Labore velit tempora eius.", "values_notation": 2, "values_details": "", "evolution_notation": 0, "evolution_details": "Dolore ipsum etincidunt numquam dolore tempora.", "knowledge_notation": 3, "knowledge_details": "Voluptatem etincidunt consectetur labore amet modi ipsum.", "management_notation": 1, "management_details": "", "advantages_notation": 5, "advantages_details": "", "notoriety_notation": 2, "notoriety_details": "", "office_notation": 0, "office_details": "Etincidunt numquam dolor voluptatem."}}, {"model": "appliances.Appliance", "pk": 20, "fields": {"company": 5, "user": 3, "status": 20, "estimated_salary": 29.7, "proposed_salary": 44.1, "environment_notation": 1, "environment_details": "Dolor quiquia dolor neque numquam consectetur tempora sit.", "values_notation": 3, "values_details": "Sed adipisci numquam sit.", "evolution_notation": 3, "evolution_details": "Eius sed dolorem porro quaerat velit velit numquam.", "knowledge_notation": 2, "knowledge_details": "Ipsum consectetur etincidunt quisquam.", "management_notation": 5, "management_details": "Adipisci consectetur dolore magnam labore tempora quaerat sit.", "advantages_notation": 0, "advantages_details": "", "notoriety_notation": 5, "notoriety_details": "Voluptatem est quaerat consectetur quaerat.", "office_notation": 1, "office_details": ""}}, {"model": "appliances.Appliance", "pk": 21, "fields": {"company": 6, "user": 5, "status": 50, "estimated_salary": 39.8, "proposed_salary": 41.9, "environment_notation": 5, "environment_details": "Tempora est etincidunt neque ipsum modi non labore.", "values_notation": 0, "values_details": "Dolorem etincidunt sed sed etincidunt modi.", "evolution_notation": 1, "evolution_details": "", "knowledge_notation": 3, "knowledge_details": "Etincidunt porro quiquia dolor non.", "management_notation": 0, "management_details": "Non sed neque magnam amet.", "advantages_notation": 4, "advantages_details": "Quaerat dolore labore modi amet numquam neque magnam.", "notoriety_notation": 5, "notoriety_details": "Dolorem dolorem etincidunt quisquam etincidunt quaerat neque.", "office_notation": 5, "office_details": "Magnam tempora ipsum sed quisquam sit sed."}}, {"model": "appliances.Appliance", "pk": 22, "fields": {"company": 6, "user": 6, "status": 10, "estimated_salary": 38.5, "proposed_salary": 37.0, "environment_notation": 2, "environment_details": "Ipsum labore ut quisquam neque voluptatem non.", "values_notation": 3, "values_details": "", "evolution_notation": 1, "evolution_details": "Etincidunt numquam dolore etincidunt.", "knowledge_notation": 4, "knowledge_details": "Amet eius numquam quisquam modi labore dolor adipisci.", "management_notation": 5, "management_details": "Neque quisquam ipsum neque.", "advantages_notation": 0, "advantages_details": "Non dolor adipisci quiquia.", "notoriety_notation": 1, "notoriety_details": "", "office_notation": 5, "office_details": ""}}, {"model": "appliances.Appliance", "pk": 23, "fields": {"company": 6, "user": 4, "status": 0, "estimated_salary": 31.2, "proposed_salary": 35.2, "environment_notation": 2, "environment_details": "", "values_notation": 2, "values_details": "Sit modi magnam quiquia ipsum.", "evolution_notation": 0, "evolution_details": "Consectetur dolor velit aliquam non adipisci.", "knowledge_notation": 0, "knowledge_details": "Porro quisquam sit modi quiquia.", "management_notation": 2, "management_details": "Ipsum dolor modi ipsum dolor adipisci quaerat.", "advantages_notation": 3, "advantages_details": "", "notoriety_notation": 5, "notoriety_details": "Ipsum etincidunt labore dolore eius est labore neque.", "office_notation": 4, "office_details": ""}}, {"model": "appliances.Appliance", "pk": 24, "fields": {"company": 6, "user": 3, "status": 40, "estimated_salary": 32.4, "proposed_salary": 41.5, "environment_notation": 3, "environment_details": "", "values_notation": 3, "values_details": "Etincidunt consectetur adipisci dolor porro dolorem.", "evolution_notation": 2, "evolution_details": "Labore etincidunt labore amet.", "knowledge_notation": 3, "knowledge_details": "", "management_notation": 4, "management_details": "", "advantages_notation": 3, "advantages_details": "", "notoriety_notation": 1, "notoriety_details": "", "office_notation": 3, "office_details": ""}}, {"model": "appliances.Appliance", "pk": 25, "fields": {"company": 6, "user": 2, "status": 10, "estimated_salary": 32.8, "proposed_salary": 36.5, "environment_notation": 2, "environment_details": "", "values_notation": 5, "values_details": "Quiquia quisquam etincidunt modi consectetur.", "evolution_notation": 4, "evolution_details": "", "knowledge_notation": 5, "knowledge_details": "Sit neque numquam magnam.", "management_notation": 1, "management_details": "Velit aliquam voluptatem quiquia magnam dolorem magnam consectetur.", "advantages_notation": 0, "advantages_details": "", "notoriety_notation": 0, "notoriety_details": "", "office_notation": 0, "office_details": "Ut quisquam eius adipisci dolor adipisci sed adipisci."}}, {"model": "appliances.Skill", "pk": 1, "fields": {"name": "Java", "image": "", "related": null, "type": "0"}}, {"model": "appliances.Skill", "pk": 2, "fields": {"name": "Python", "image": "", "related": null, "type": "0"}}, {"model": "appliances.Skill", "pk": 3, "fields": {"name": "PHP", "image": "", "related": null, "type": "0"}}, {"model": "appliances.Skill", "pk": 4, "fields": {"name": "C#", "image": "", "related": null, "type": "0"}}, {"model": "appliances.Skill", "pk": 5, "fields": {"name": "C", "image": "", "related": null, "type": "0"}}, {"model": "appliances.Skill", "pk": 6, "fields": {"name": "C++", "image": "", "related": null, "type": "0"}}, {"model": "appliances.Skill", "pk": 7, "fields": {"name": "JavaScript", "image": "", "related": null, "type": "0"}}, {"model": "appliances.Skill", "pk": 8, "fields": {"name": "Objective-C", "image": "", "related": null, "type": "0"}}, {"model": "appliances.Skill", "pk": 9, "fields": {"name": "R", "image": "", "related": null, "type": "0"}}, {"model": "appliances.Skill", "pk": 10, "fields": {"name": "Swift", "image": "", "related": null, "type": "0"}}, {"model": "appliances.Skill", "pk": 11, "fields": {"name": "Matlab", "image": "", "related": null, "type": "0"}}, {"model": "appliances.Skill", "pk": 12, "fields": {"name": "Ruby", "image": "", "related": null, "type": "0"}}, {"model": "appliances.Skill", "pk": 13, "fields": {"name": "VBA", "image": "", "related": null, "type": "0"}}, {"model": "appliances.Skill", "pk": 14, "fields": {"name": "Visual Basic", "image": "", "related": null, "type": "0"}}, {"model": "appliances.Skill", "pk": 15, "fields": {"name": "Scala", "image": "", "related": null, "type": "0"}}, {"model": "appliances.Skill", "pk": 16, "fields": {"name": "Perl", "image": "", "related": null, "type": "0"}}, {"model": "appliances.Skill", "pk": 17, "fields": {"name": "lua", "image": "", "related": null, "type": "0"}}, {"model": "appliances.Skill", "pk": 18, "fields": {"name": "Delphi", "image": "", "related": null, "type": "0"}}, {"model": "appliances.Skill", "pk": 19, "fields": {"name": "Go", "image": "", "related": null, "type": "0"}}, {"model": "appliances.Skill", "pk": 20, "fields": {"name": "Haskell", "image": "", "related": null, "type": "0"}}, {"model": "appliances.Skill", "pk": 21, "fields": {"name": "Assembly", "image": "", "related": null, "type": "0"}}, {"model": "appliances.Skill", "pk": 22, "fields": {"name": "VB.NET", "image": "", "related": null, "type": "0"}}, {"model": "appliances.Skill", "pk": 23, "fields": {"name": "Groovy", "image": "", "related": null, "type": "0"}}, {"model": "appliances.Skill", "pk": 24, "fields": {"name": "SQL", "image": "", "related": null, "type": "0"}}, {"model": "appliances.Skill", "pk": 25, "fields": {"name": "iOS", "image": "", "related": null, "type": "4"}}, {"model": "appliances.Skill", "pk": 26, "fields": {"name": "HTML", "image": "", "related": null, "type": "0"}}, {"model": "appliances.Skill", "pk": 27, "fields": {"name": "CSS", "image": "", "related": null, "type": "0"}}, {"model": "appliances.Skill", "pk": 28, "fields": {"name": "Shell", "image": "", "related": null, "type": "0"}}, {"model": "appliances.Skill", "pk": 29, "fields": {"name": "Arduino", "image": "", "related": null, "type": "0"}}, {"model": "appliances.Skill", "pk": 30, "fields": {"name": "Rust", "image": "", "related": null, "type": "0"}}, {"model": "appliances.Skill", "pk": 31, "fields": {"name": "Django", "image": "", "related": "2", "type": "1"}}, {"model": "appliances.Skill", "pk": 32, "fields": {"name": "Bottle", "image": "", "related": "2", "type": "1"}}, {"model": "appliances.Skill", "pk": 33, "fields": {"name": "CherryPy", "image": "", "related": "2", "type": "1"}}, {"model": "appliances.Skill", "pk": 34, "fields": {"name": "Flask", "image": "", "related": "2", "type": "1"}}, {"model": "appliances.Skill", "pk": 35, "fields": {"name": "Pyramid", "image": "", "related": "2", "type": "1"}}, {"model": "appliances.Skill", "pk": 36, "fields": {"name": "TurboGears", "image": "", "related": "2", "type": "1"}}, {"model": "appliances.Skill", "pk": 37, "fields": {"name": "Twisted", "image": "", "related": "2", "type": "1"}}, {"model": "appliances.Skill", "pk": 38, "fields": {"name": "Web2py", "image": "", "related": "2", "type": "1"}}, {"model": "appliances.Skill", "pk": 39, "fields": {"name": "Zope", "image": "", "related": "2", "type": "1"}}, {"model": "appliances.Skill", "pk": 40, "fields": {"name": "Apache Lucene", "image": "", "related": "1", "type": "1"}}, {"model": "appliances.Skill", "pk": 41, "fields": {"name": "Apache Struts", "image": "", "related": "1", "type": "1"}}, {"model": "appliances.Skill", "pk": 42, "fields": {"name": "Apache Tapestry", "image": "", "related": "1", "type": "1"}}, {"model": "appliances.Skill", "pk": 43, "fields": {"name": "Google Guava", "image": "", "related": "1", "type": "1"}}, {"model": "appliances.Skill", "pk": 44, "fields": {"name": "Hadoop", "image": "", "related": "1", "type": "1"}}, {"model": "appliances.Skill", "pk": 45, "fields": {"name": "Hibernate", "image": "", "related": "1", "type": "1"}}, {"model": "appliances.Skill", "pk": 46, "fields": {"name": "JavaFX", "image": "", "related": "1", "type": "1"}}, {"model": "appliances.Skill", "pk": 47, "fields": {"name": "JavaServer Faces", "image": "", "related": "1", "type": "1"}}, {"model": "appliances.Skill", "pk": 48, "fields": {"name": "JUnit", "image": "", "related": "1", "type": "1"}}, {"model": "appliances.Skill", "pk": 49, "fields": {"name": "Play Framework", "image": "", "related": "1", "type": "1"}}, {"model": "appliances.Skill", "pk": 50, "fields": {"name": "Qt Jambi", "image": "", "related": "1", "type": "1"}}, {"model": "appliances.Skill", "pk": 51, "fields": {"name": "Spring", "image": "", "related": "1", "type": "1"}}, {"model": "appliances.Skill", "pk": 52, "fields": {"name": "Zerocouplage", "image": "", "related": "1", "type": "1"}}, {"model": "appliances.Skill", "pk": 53, "fields": {"name": "Laravel", "image": "", "related": "3", "type": "1"}}, {"model": "appliances.Skill", "pk": 54, "fields": {"name": "Symfony", "image": "", "related": "3", "type": "1"}}, {"model": "appliances.Skill", "pk": 55, "fields": {"name": "CodeIgniter", "image": "", "related": "3", "type": "1"}}, {"model": "appliances.Skill", "pk": 56, "fields": {"name": "Zend Framework", "image": "", "related": "3", "type": "1"}}, {"model": "appliances.Skill", "pk": 57, "fields": {"name": "Yii", "image": "", "related": "3", "type": "1"}}, {"model": "appliances.Skill", "pk": 58, "fields": {"name": "CakePHP", "image": "", "related": "3", "type": "1"}}, {"model": "appliances.Skill", "pk": 59, "fields": {"name": "Angular", "image": "", "related": "7", "type": "1"}}, {"model": "appliances.Skill", "pk": 60, "fields": {"name": "AngularJS", "image": "", "related": "7", "type": "1"}}, {"model": "appliances.Skill", "pk": 61, "fields": {"name": "Cappuccino", "image": "", "related": "7", "type": "1"}}, {"model": "appliances.Skill", "pk": 62, "fields": {"name": "Ember.js", "image": "", "related": "7", "type": "1"}}, {"model": "appliances.Skill", "pk": 63, "fields": {"name": "Prototype", "image": "", "related": "7", "type": "1"}}, {"model": "appliances.Skill", "pk": 64, "fields": {"name": "React.js", "image": "", "related": "7", "type": "1"}}, {"model": "appliances.Skill", "pk": 65, "fields": {"name": "Vue.js", "image": "", "related": "7", "type": "1"}}, {"model": "appliances.Skill", "pk": 66, "fields": {"name": "Node.js", "image": "", "related": "7", "type": "1"}}, {"model": "appliances.Skill", "pk": 67, "fields": {"name": "jQuery", "image": "", "related": "7", "type": "1"}}, {"model": "appliances.Skill", "pk": 68, "fields": {"name": "Bootstrap", "image": "", "related": "27", "type": "1"}}, {"model": "appliances.Skill", "pk": 69, "fields": {"name": "Rails", "image": "", "related": "12", "type": "1"}}, {"model": "appliances.Skill", "pk": 70, "fields": {"name": "Drupal", "image": "", "related": "3", "type": "1"}}, {"model": "appliances.Skill", "pk": 71, "fields": {"name": "BlueJ", "image": "", "related": "1", "type": "2"}}, {"model": "appliances.Skill", "pk": 72, "fields": {"name": "Eclipse", "image": "", "related": "1", "type": "2"}}, {"model": "appliances.Skill", "pk": 73, "fields": {"name": "AWS Cloud", "image": "", "related": null, "type": "2"}}, {"model": "appliances.Skill", "pk": 74, "fields": {"name": "Windows", "image": "", "related": null, "type": "4"}}, {"model": "appliances.Skill", "pk": 75, "fields": {"name": "MacOS", "image": "", "related": null, "type": "4"}}, {"model": "appliances.Skill", "pk": 76, "fields": {"name": "Linux", "image": "", "related": null, "type": "4"}}, {"model": "appliances.Skill", "pk": 77, "fields": {"name": "Ubuntu", "image": "", "related": "76", "type": "4"}}, {"model": "appliances.Skill", "pk": 78, "fields": {"name": "Debian", "image": "", "related": "76", "type": "4"}}, {"model": "appliances.Skill", "pk": 79, "fields": {"name": "Fedora", "image": "", "related": "76", "type": "4"}}, {"model": "appliances.Skill", "pk": 80, "fields": {"name": "CodeLite", "image": "", "related": null, "type": "2"}}, {"model": "appliances.Skill", "pk": 81, "fields": {"name": "UML", "image": "", "related": null, "type": "5"}}, {"model": "appliances.Skill", "pk": 82, "fields": {"name": "Agile", "image": "", "related": null, "type": "5"}}, {"model": "appliances.Skill", "pk": 83, "fields": {"name": "SCRUM", "image": "", "related": "82", "type": "5"}}, {"model": "appliances.Skill", "pk": 84, "fields": {"name": "Kanban", "image": "", "related": "82", "type": "5"}}, {"model": "appliances.Skill", "pk": 85, "fields": {"name": "NetBeans", "image": "", "related": null, "type": "2"}}, {"model": "appliances.Skill", "pk": 87, "fields": {"name": "PhpStorm", "image": "", "related": "3", "type": "2"}}, {"model": "appliances.Skill", "pk": 92, "fields": {"name": "PyCharm", "image": "", "related": "2", "type": "2"}}, {"model": "appliances.Skill", "pk": 93, "fields": {"name": "AppCode", "image": "", "related": "25", "type": "2"}}, {"model": "appliances.Skill", "pk": 94, "fields": {"name": "CLion", "image": "", "related": "5", "type": "2"}}, {"model": "appliances.Skill", "pk": 95, "fields": {"name": "DataGrip", "image": "", "related": "24", "type": "2"}}, {"model": "appliances.Skill", "pk": 96, "fields": {"name": "PostgreSQL", "image": "", "related": "24", "type": "0"}}, {"model": "appliances.Skill", "pk": 97, "fields": {"name": "MySQL", "image": "", "related": "24", "type": "0"}}, {"model": "appliances.Skill", "pk": 98, "fields": {"name": "MongoDB", "image": "", "related": "24", "type": "0"}}, {"model": "appliances.Skill", "pk": 99, "fields": {"name": "Oracle", "image": "", "related": "24", "type": "0"}}, {"model": "appliances.Skill", "pk": 100, "fields": {"name": "SQL Server", "image": "", "related": "24", "type": "0"}}, {"model": "appliances.Skill", "pk": 101, "fields": {"name": "MariaDB", "image": "", "related": "24", "type": "0"}}, {"model": "appliances.Skill", "pk": 102, "fields": {"name": "GoLand", "image": "", "related": "19", "type": "2"}}, {"model": "appliances.Skill", "pk": 103, "fields": {"name": "IntelliJ", "image": "", "related": "1", "type": "2"}}, {"model": "appliances.Skill", "pk": 104, "fields": {"name": "NumPy", "image": "", "related": "2", "type": "3"}}, {"model": "appliances.Skill", "pk": 105, "fields": {"name": "Pandas", "image": "", "related": "2", "type": "3"}}, {"model": "appliances.Skill", "pk": 106, "fields": {"name": "matplotlib", "image": "", "related": "2", "type": "3"}}, {"model": "appliances.Skill", "pk": 107, "fields": {"name": "Anaconda", "image": "", "related": "2", "type": "3"}}, {"model": "appliances.Skill", "pk": 108, "fields": {"name": "IPython Notebook", "image": "", "related": "2", "type": "3"}}, {"model": "appliances.Skill", "pk": 109, "fields": {"name": "Kotlin", "image": "", "related": null, "type": "0"}}, {"model": "appliances.Skill", "pk": 110, "fields": {"name": "J2EE", "image": "", "related": "1", "type": "3"}}, {"model": "appliances.Skill", "pk": 111, "fields": {"name": "Jakarta EE", "image": "", "related": "1", "type": "3"}}, {"model": "appliances.Skill", "pk": 112, "fields": {"name": "RubyMine", "image": "", "related": "12", "type": "2"}}, {"model": "appliances.Skill", "pk": 113, "fields": {"name": "Selenium", "image": "", "related": "115", "type": "2"}}, {"model": "appliances.Skill", "pk": 114, "fields": {"name": "Test Driven Development", "image": "", "related": "115", "type": "5"}}, {"model": "appliances.Skill", "pk": 115, "fields": {"name": "Tests", "image": "", "related": null, "type": "5"}}, {"model": "appliances.Skill", "pk": 116, "fields": {"name": "Android", "image": "", "related": null, "type": "4"}}, {"model": "appliances.Skill", "pk": 117, "fields": {"name": "Git", "image": "", "related": null, "type": "5"}}, {"model": "appliances.Skill", "pk": 118, "fields": {"name": "GitHub", "image": "", "related": null, "type": "5"}}, {"model": "appliances.Skill", "pk": 119, "fields": {"name": "SVN", "image": "", "related": null, "type": "5"}}, {"model": "appliances.Skill", "pk": 120, "fields": {"name": "Turtoise SVN", "image": "", "related": "119", "type": "5"}}, {"model": "appliances.Mission", "pk": 1, "fields": {"appliance": 1, "title": "Mission1", "description": "", "skills": [110, 104, 105, 108, 111, 106, 84, 118, 81, 119, 83, 117, 115]}}, {"model": "appliances.Mission", "pk": 2, "fields": {"appliance": 1, "title": "Mission2", "description": "", "skills": []}}, {"model": "appliances.Mission", "pk": 3, "fields": {"appliance": 1, "title": "Mission3", "description": "Sed amet porro neque ut. Velit sed dolor magnam labore dolor. Dolore quisquam velit dolorem amet. Dolore adipisci etincidunt sit dolor porro. Aliquam est dolor voluptatem neque ipsum. Dolore ipsum numquam sed. Voluptatem dolore dolore numquam modi amet etincidunt porro. Etincidunt neque modi ut.", "skills": [18, 11, 28, 19, 4, 2, 12, 1, 97, 49, 70, 34, 39, 43, 33, 47, 65, 40, 62, 63, 60, 37]}}, {"model": "appliances.Mission", "pk": 4, "fields": {"appliance": 1, "title": "Mission4", "description": "Quisquam modi dolor dolorem dolor aliquam numquam porro. Amet quaerat aliquam numquam est. Ut neque sit quaerat etincidunt adipisci consectetur. Etincidunt dolore numquam magnam est. Dolor tempora est etincidunt. Voluptatem ut quiquia ut eius modi. Numquam non neque quisquam sit magnam. Dolore numquam dolorem eius quaerat. Eius neque non ipsum porro. Voluptatem sit tempora ut numquam voluptatem magnam.", "skills": []}}, {"model": "appliances.Mission", "pk": 5, "fields": {"appliance": 2, "title": "Mission5", "description": "Sed tempora adipisci sit labore est quaerat quiquia. Dolor dolor tempora quisquam sed etincidunt. Non voluptatem eius porro quaerat aliquam amet. Consectetur quiquia quisquam porro dolor ut eius. Dolore modi voluptatem neque amet amet eius. Quisquam eius sed dolor. Quaerat amet eius consectetur velit numquam quiquia voluptatem. Non quaerat adipisci quisquam sit amet. Consectetur numquam porro est neque magnam dolore sit.", "skills": [13, 9, 28, 23, 11, 30, 99, 97, 21, 15, 16, 3, 4, 12, 100, 27, 24, 29, 98, 1, 6, 8, 109, 14, 17, 20, 5, 22, 7, 19, 96, 101, 26, 2, 93, 85, 92, 73, 72, 94, 95, 87, 80, 102, 113, 76, 78, 77, 74, 25, 79, 116, 75, 119, 114, 83, 84, 117, 81, 118, 82, 115]}}, {"model": "appliances.Mission", "pk": 6, "fields": {"appliance": 2, "title": "Mission6", "description": "", "skills": [2, 98, 29, 13, 30, 11, 3, 20, 97, 28, 8, 101, 14, 100, 109, 71, 87, 73, 94, 85, 77, 79, 81, 84]}}, {"model": "appliances.Mission", "pk": 7, "fields": {"appliance": 2, "title": "Mission7", "description": "Dolor eius dolorem non dolorem dolorem dolore. Numquam labore etincidunt consectetur. Sed consectetur aliquam numquam non eius amet. Etincidunt ipsum ipsum est sed. Sit neque non ipsum sed est neque. Quiquia dolorem velit voluptatem. Etincidunt neque consectetur adipisci etincidunt quisquam etincidunt.", "skills": [99, 14, 97, 26, 5, 100, 96, 29, 10, 2, 13, 28, 109, 27, 9, 16, 21, 4, 3, 72, 95, 80, 87, 104, 107, 111, 108, 105, 106, 110, 74, 79, 77, 120, 115, 83, 84, 81, 118]}}, {"model": "appliances.Mission", "pk": 8, "fields": {"appliance": 2, "title": "Mission8", "description": "", "skills": [112, 113, 103, 73, 102, 72, 95, 92, 85, 71, 94, 93, 87, 80, 114, 115, 119, 82, 120]}}, {"model": "appliances.Mission", "pk": 9, "fields": {"appliance": 3, "title": "Mission9", "description": "Ut sed amet voluptatem tempora est. Etincidunt sit porro voluptatem. Quiquia modi sit dolorem est consectetur neque. Dolor eius quiquia velit amet modi. Voluptatem eius dolorem non dolore. Est labore quiquia dolor amet.", "skills": [29, 8, 4, 24, 22, 15, 23, 17, 98, 96, 38, 36, 64, 34, 32, 105]}}, {"model": "appliances.Mission", "pk": 10, "fields": {"appliance": 3, "title": "Mission10", "description": "Etincidunt amet ipsum consectetur quaerat dolor dolor. Adipisci non est velit numquam labore est. Quisquam dolorem modi porro porro sit. Sit modi modi modi non non dolorem. Labore porro eius quaerat dolore porro. Modi quaerat sed dolore. Labore quiquia tempora non non ipsum dolorem non. Neque sit voluptatem numquam quaerat voluptatem. Quisquam sed quiquia quaerat quaerat neque numquam quisquam. Tempora consectetur dolore neque aliquam.", "skills": [26, 21, 19, 9, 1, 10, 18, 97, 11, 98, 8, 7, 109, 30, 4, 99, 101, 22, 14, 17, 27, 96, 13, 28, 5, 20, 29, 6, 2, 12, 107, 105, 110, 106, 108, 104, 111, 117, 82, 120, 81, 83, 118, 119, 114, 115, 84]}}, {"model": "appliances.Mission", "pk": 11, "fields": {"appliance": 3, "title": "Mission11", "description": "Magnam quisquam velit amet adipisci modi magnam. Aliquam non amet voluptatem numquam. Est tempora voluptatem tempora dolore porro. Tempora amet voluptatem modi tempora aliquam. Modi est consectetur consectetur etincidunt dolore porro tempora. Velit aliquam velit est labore dolorem porro. Aliquam porro porro quiquia adipisci eius consectetur.", "skills": [71, 95, 85, 92, 93, 102, 112, 94, 103, 80, 73, 87, 114, 84, 81, 118, 82, 119]}}, {"model": "appliances.Mission", "pk": 12, "fields": {"appliance": 3, "title": "Mission12", "description": "", "skills": [111, 105, 107]}}, {"model": "appliances.Mission", "pk": 13, "fields": {"appliance": 4, "title": "Mission13", "description": "", "skills": [26, 7, 3, 30, 101, 19, 96, 27, 21, 28, 2, 11, 100, 9, 108, 111, 107, 79, 116, 25, 75, 74, 77, 114, 115, 81, 119, 118, 117]}}, {"model": "appliances.Mission", "pk": 14, "fields": {"appliance": 4, "title": "Mission14", "description": "", "skills": []}}, {"model": "appliances.Mission", "pk": 15, "fields": {"appliance": 4, "title": "Mission15", "description": "Etincidunt porro tempora labore labore. Amet quisquam sed dolorem magnam. Ipsum magnam numquam etincidunt. Modi velit modi eius numquam. Quisquam numquam numquam numquam adipisci aliquam non ut.", "skills": [45, 41, 54, 62, 55, 47, 32, 70, 61, 68, 31, 64, 67, 38, 71, 102, 73, 112, 95, 103, 113, 72, 93, 92, 110, 107, 106, 105]}}, {"model": "appliances.Mission", "pk": 16, "fields": {"appliance": 4, "title": "Mission16", "description": "", "skills": [50, 47, 59, 34, 32, 69, 35, 41, 63, 68, 55, 51, 42, 60, 70, 39, 58, 56, 38, 67, 57, 36, 48, 66, 44, 54, 73, 85, 25, 77, 116, 79, 78, 75, 74]}}, {"model": "appliances.Mission", "pk": 17, "fields": {"appliance": 5, "title": "Mission17", "description": "", "skills": [44, 70, 53, 63, 46, 32, 64, 65, 36, 55, 61, 40, 50, 47, 41, 62, 112, 103, 85, 71, 72, 93, 104, 107, 106, 105]}}, {"model": "appliances.Mission", "pk": 18, "fields": {"appliance": 5, "title": "Mission18", "description": "", "skills": [80, 95, 73, 72, 112, 93, 103, 87, 92, 71, 102, 74, 25, 78, 76]}}, {"model": "appliances.Mission", "pk": 19, "fields": {"appliance": 5, "title": "Mission19", "description": "", "skills": [75, 76, 116, 83, 114, 84, 81, 119, 82, 120, 117, 115, 118]}}, {"model": "appliances.Mission", "pk": 20, "fields": {"appliance": 6, "title": "Mission20", "description": "", "skills": [55, 85, 73, 71, 113, 116, 78, 77, 76, 75, 25, 74, 79, 81, 83, 114, 82, 84, 117, 115, 120, 118]}}, {"model": "appliances.Mission", "pk": 21, "fields": {"appliance": 6, "title": "Mission21", "description": "", "skills": [109, 9, 24, 28, 2, 27, 16, 15, 14, 18, 3, 29, 101, 96, 17, 10, 8, 30, 21, 1, 5, 20, 13, 11, 4, 98, 100, 7, 23, 6, 97, 26, 41, 50, 45, 53, 69, 44, 51, 47, 67, 58, 63, 108, 110, 107, 105, 79, 25, 76, 78, 77, 82, 115, 119, 120, 84, 81, 114, 118]}}, {"model": "appliances.Mission", "pk": 22, "fields": {"appliance": 7, "title": "Mission22", "description": "Ipsum etincidunt ipsum voluptatem magnam. Est tempora dolor est voluptatem dolorem consectetur. Etincidunt voluptatem eius quaerat est. Dolor sed amet tempora. Sit numquam eius magnam quaerat dolore. Etincidunt tempora non magnam voluptatem eius adipisci porro.", "skills": [67, 53, 57, 44, 58, 46, 69, 49, 64, 35, 42, 36, 54, 56, 31, 38, 37, 55, 61, 45, 71, 102, 95, 113, 94, 103, 72, 80, 92, 93, 73, 85, 107, 108, 110, 105, 106, 104]}}, {"model": "appliances.Mission", "pk": 23, "fields": {"appliance": 7, "title": "Mission23", "description": "Non etincidunt aliquam dolore amet ut est magnam. Etincidunt consectetur adipisci tempora modi. Sit modi labore modi ut. Neque consectetur magnam aliquam est numquam aliquam eius. Neque voluptatem neque est. Modi magnam numquam adipisci amet. Consectetur voluptatem tempora tempora amet. Etincidunt etincidunt non sed dolorem neque quaerat non. Consectetur quisquam tempora adipisci non eius. Sit eius numquam magnam aliquam velit magnam.", "skills": [10, 17, 2, 57, 41, 37, 45, 70, 68, 32, 58, 38, 60, 49, 111, 106, 110, 82, 81, 115, 114, 118, 117, 120, 83, 84, 119]}}, {"model": "appliances.Mission", "pk": 24, "fields": {"appliance": 7, "title": "Mission24", "description": "Dolore numquam etincidunt velit. Dolore dolore tempora eius neque dolor. Quisquam consectetur quisquam aliquam aliquam. Quiquia porro labore adipisci tempora sed. Dolor adipisci aliquam est. Modi neque quaerat ipsum neque etincidunt est. Consectetur numquam tempora non sed.", "skills": [19, 27, 101, 3, 2, 13, 17, 99, 11, 21, 16, 28, 30, 1, 9, 26, 22, 96, 14, 109, 7, 8, 98, 97, 4, 6, 10, 23, 15, 5, 24, 58, 62, 68, 39, 56, 69, 54, 59, 64, 70, 46, 57, 35, 61, 31, 67, 60, 51, 43, 44, 37, 49, 32, 40, 50, 65, 42, 45, 38, 48, 52, 34, 41, 53, 80, 94, 95, 92, 87, 72, 73, 103, 71, 113, 111, 81, 84, 120, 114]}}, {"model": "appliances.Mission", "pk": 25, "fields": {"appliance": 8, "title": "Mission25", "description": "Porro etincidunt ipsum porro porro. Velit numquam non aliquam tempora numquam. Quisquam ut dolor sit ut dolor etincidunt ipsum. Magnam etincidunt sit quisquam. Ut est non ipsum sed. Eius voluptatem non eius dolore. Etincidunt labore numquam adipisci. Quaerat magnam sit aliquam etincidunt adipisci modi quisquam. Amet neque sit quaerat non tempora. Porro consectetur quisquam velit eius numquam.", "skills": []}}, {"model": "appliances.Mission", "pk": 26, "fields": {"appliance": 8, "title": "Mission26", "description": "", "skills": [74, 78, 76, 25, 75]}}, {"model": "appliances.Mission", "pk": 27, "fields": {"appliance": 8, "title": "Mission27", "description": "", "skills": [7, 98, 16, 96, 24, 3, 21, 15, 1, 10, 109, 12, 20, 6, 30, 26, 11, 99, 29, 28, 19, 4, 97, 9, 22, 2, 14, 5, 18, 23, 101, 17, 8, 100, 13, 27, 62, 69, 67, 56, 68, 60, 40, 38, 47, 35, 36, 66, 39, 58, 33, 42, 43, 48, 55, 70, 63, 50, 31, 64, 59, 32, 54, 53, 111, 105, 107, 108, 106, 110]}}, {"model": "appliances.Mission", "pk": 28, "fields": {"appliance": 8, "title": "Mission28", "description": "Adipisci quisquam est dolorem. Numquam non tempora modi ipsum tempora. Labore voluptatem etincidunt labore. Magnam neque est neque aliquam. Neque numquam etincidunt dolorem neque quiquia. Amet quaerat tempora quiquia quaerat magnam. Eius modi velit quisquam tempora modi voluptatem. Est eius numquam etincidunt dolore voluptatem. Dolore dolor eius etincidunt eius neque non. Ipsum neque aliquam numquam aliquam ipsum quiquia.", "skills": [111, 110, 79, 77, 25, 78, 75]}}, {"model": "appliances.Mission", "pk": 29, "fields": {"appliance": 9, "title": "Mission29", "description": "Est labore velit dolorem non consectetur dolore labore. Labore modi quiquia sit quisquam sit sed. Tempora ipsum amet amet adipisci non dolorem modi. Sit aliquam magnam non. Quisquam sed voluptatem eius est. Tempora est est velit quaerat sit. Voluptatem quaerat magnam quaerat dolore. Quisquam quaerat tempora quiquia. Dolorem labore aliquam modi etincidunt non.", "skills": [104, 81, 114, 119, 84, 117, 118, 115, 82, 120, 83]}}, {"model": "appliances.Mission", "pk": 30, "fields": {"appliance": 10, "title": "Mission30", "description": "Dolorem neque ipsum sed. Non velit non porro. Etincidunt quaerat dolor sit. Magnam non eius modi. Numquam sed etincidunt porro consectetur. Tempora labore numquam dolor sit. Quaerat aliquam sit voluptatem aliquam. Ut non modi porro dolore dolore sit. Quaerat amet consectetur amet adipisci adipisci.", "skills": [108, 106, 111]}}, {"model": "appliances.Mission", "pk": 31, "fields": {"appliance": 11, "title": "Mission31", "description": "", "skills": [12, 26, 3, 24, 23, 27, 9, 7, 22, 5, 4, 109, 47, 32, 70, 56, 65, 53, 49, 63, 54, 48, 41, 50, 36, 43, 42, 67, 35, 45, 62, 52, 51, 57, 66, 116, 76, 78, 74, 117, 82, 118, 119, 120, 115, 84, 83]}}, {"model": "appliances.Mission", "pk": 32, "fields": {"appliance": 11, "title": "Mission32", "description": "Velit neque non ut. Dolorem dolor dolore non. Numquam sed etincidunt ut amet magnam aliquam magnam. Ut aliquam ut ut. Dolorem modi tempora numquam sed ipsum ipsum. Dolor velit neque quiquia. Aliquam dolore non magnam velit quaerat quisquam. Modi quisquam quisquam sit est eius amet quiquia. Porro porro voluptatem etincidunt labore adipisci.", "skills": [80, 92, 71, 94, 72]}}, {"model": "appliances.Mission", "pk": 33, "fields": {"appliance": 11, "title": "Mission33", "description": "", "skills": [113, 71, 112, 87, 92, 85, 93, 72, 73, 103, 118, 84, 120, 117, 83, 114, 82, 119, 115]}}, {"model": "appliances.Mission", "pk": 34, "fields": {"appliance": 11, "title": "Mission34", "description": "Sit non consectetur voluptatem eius. Adipisci ipsum sed sed aliquam est modi. Etincidunt sed numquam non non quisquam aliquam ut. Adipisci magnam numquam porro modi quaerat quaerat modi. Magnam adipisci ut est. Ut numquam non voluptatem porro etincidunt amet. Labore ut sed sit non velit quaerat etincidunt. Numquam est velit ut.", "skills": [92, 80, 118, 117, 120, 115]}}, {"model": "appliances.Mission", "pk": 35, "fields": {"appliance": 12, "title": "Mission35", "description": "", "skills": [6, 21, 28, 4, 3, 96, 101, 23, 18, 97, 16, 27, 24, 30, 109, 2, 29, 7, 100, 10, 5, 13, 26, 22, 9, 17, 14, 12, 15, 99, 19, 98, 53, 68, 59, 44, 47, 46, 58, 50, 54, 34, 51, 56, 66, 45, 33, 39, 60, 38, 41, 64, 35, 49, 52, 57, 37, 61, 40, 67, 55, 36, 42, 32, 111, 104, 107, 106, 108, 74, 25, 79, 76, 78, 116, 81, 117, 120]}}, {"model": "appliances.Mission", "pk": 36, "fields": {"appliance": 12, "title": "Mission36", "description": "", "skills": [44, 58, 64, 65, 52, 40, 51, 48, 46, 38, 45, 33, 61, 32, 37, 53, 31, 62, 42, 49, 34, 50, 59, 67, 36, 63, 47, 43, 56, 68, 55, 41, 39, 80, 102, 95, 94, 78, 74]}}, {"model": "appliances.Mission", "pk": 37, "fields": {"appliance": 12, "title": "Mission37", "description": "", "skills": [97, 27, 15, 8, 11, 5, 26, 18, 7, 14, 101, 4, 28, 16, 23, 20, 10, 2, 17, 12, 19, 13, 21, 1, 99, 6, 30, 108, 110, 107, 106, 104, 105, 111, 77, 75, 116, 78, 74]}}, {"model": "appliances.Mission", "pk": 38, "fields": {"appliance": 14, "title": "Mission38", "description": "", "skills": [17, 28, 104, 110, 106, 108, 111, 105, 107]}}, {"model": "appliances.Mission", "pk": 39, "fields": {"appliance": 14, "title": "Mission39", "description": "Numquam numquam ipsum quaerat quaerat tempora tempora. Aliquam consectetur tempora labore tempora. Quiquia velit ipsum voluptatem amet magnam numquam voluptatem. Consectetur sed porro modi. Dolor quaerat porro sed velit. Magnam sit dolore sit.", "skills": [87, 94, 84]}}, {"model": "appliances.Mission", "pk": 40, "fields": {"appliance": 14, "title": "Mission40", "description": "", "skills": [99, 29, 16, 24, 7, 12, 97, 100, 9, 20, 101, 18, 5, 8, 17, 21, 96, 30, 6, 28, 2, 98, 23, 14, 53, 69, 51, 62, 63, 60, 47, 64, 66, 54, 46, 38, 61, 31, 33, 41, 36, 43, 68, 44, 56, 40, 59, 45, 65, 37, 55, 48, 57, 32, 52, 70, 67, 58, 34, 35, 49]}}, {"model": "appliances.Mission", "pk": 41, "fields": {"appliance": 16, "title": "Mission41", "description": "", "skills": [59, 62, 33, 49, 47, 56, 65, 54, 40, 38, 55, 31, 58, 67, 50, 32, 68, 60, 43, 57, 66, 69, 61, 48, 45, 51, 70, 52, 53, 42, 37, 39, 46, 36, 44, 64, 35, 34, 63, 107, 106, 108, 110, 111, 105]}}, {"model": "appliances.Mission", "pk": 42, "fields": {"appliance": 16, "title": "Mission42", "description": "", "skills": [106, 111, 104, 107, 110, 119, 120, 118, 117, 83, 84]}}, {"model": "appliances.Mission", "pk": 43, "fields": {"appliance": 17, "title": "Mission43", "description": "", "skills": [71, 113, 112, 103, 73, 102, 85, 93, 95, 72, 92, 94, 87, 74, 76, 78, 75, 25, 79, 117, 82, 114, 120, 119, 115, 84]}}, {"model": "appliances.Mission", "pk": 44, "fields": {"appliance": 17, "title": "Mission44", "description": "Velit sed dolorem quiquia dolore. Sit modi aliquam voluptatem sed non. Adipisci sit tempora non dolorem tempora amet velit. Magnam non dolor sit numquam ut. Eius eius modi ipsum ipsum porro quaerat. Dolor quiquia modi consectetur dolore quaerat.", "skills": [104]}}, {"model": "appliances.Mission", "pk": 45, "fields": {"appliance": 19, "title": "Mission45", "description": "Aliquam quiquia amet tempora sed. Etincidunt consectetur velit aliquam. Tempora tempora tempora quisquam numquam amet. Amet amet sit aliquam amet sit eius. Ut sed dolore tempora neque porro etincidunt.", "skills": [24, 7, 4, 96, 14, 98, 30, 6, 10, 21, 26, 3, 97, 22, 16, 9, 109, 19, 23, 11, 15, 5, 27, 29, 1, 20, 8, 100, 18, 17, 99, 12, 13, 63, 31, 64, 67, 32, 51, 50, 33, 36, 40, 35, 46, 38, 45, 59, 49, 68, 70, 44, 52, 41, 57, 69, 56, 66, 43, 39, 34, 37, 62, 65, 61, 58, 53, 48, 42, 54, 102, 113, 71, 87, 85, 72, 95, 94, 92, 93]}}, {"model": "appliances.Mission", "pk": 46, "fields": {"appliance": 21, "title": "Mission46", "description": "", "skills": [18, 9, 96, 1, 26, 19, 29, 4, 2, 15, 17, 10, 11, 14, 22, 100, 16, 12, 27, 13, 3, 7, 20, 5, 8, 23, 99, 97, 21, 30, 101, 98, 109, 80, 95, 71, 112, 85, 93, 111, 106, 110, 107, 108, 105, 116, 25, 79]}}, {"model": "appliances.Mission", "pk": 47, "fields": {"appliance": 21, "title": "Mission47", "description": "Labore eius sed porro dolorem magnam quaerat adipisci. Quisquam sit quiquia quiquia adipisci quaerat voluptatem. Sed dolorem quaerat eius. Quiquia dolor adipisci neque dolore consectetur dolore. Sit non labore eius adipisci sit.", "skills": [26, 14, 16, 1, 3, 5, 101, 21, 17, 67, 36, 48, 50, 60, 55, 54, 69, 70, 47, 35, 61, 64, 53, 65, 66, 62, 40, 32, 58, 34, 31, 37, 68, 49, 57, 59, 41, 118, 84, 114, 81, 82]}}, {"model": "appliances.Mission", "pk": 48, "fields": {"appliance": 21, "title": "Mission48", "description": "", "skills": [107, 110, 111, 108, 105, 106, 104]}}, {"model": "appliances.Mission", "pk": 49, "fields": {"appliance": 22, "title": "Mission49", "description": "Amet sed modi est. Ipsum magnam dolor voluptatem consectetur sit sit. Dolorem tempora labore neque. Non adipisci ut magnam quiquia modi. Velit consectetur tempora modi sit eius.", "skills": [28, 13, 41, 66, 38, 43, 63, 35, 68, 46, 54, 52, 70, 69, 33, 44, 58, 62, 65, 67, 32, 42, 34, 40, 108, 106, 110, 104]}}, {"model": "appliances.Mission", "pk": 50, "fields": {"appliance": 22, "title": "Mission50", "description": "", "skills": [72, 112, 103]}}, {"model": "appliances.Mission", "pk": 51, "fields": {"appliance": 22, "title": "Mission51", "description": "", "skills": [47, 55, 64, 69, 35, 66, 32, 104, 75, 79, 74, 25]}}, {"model": "appliances.Mission", "pk": 52, "fields": {"appliance": 23, "title": "Mission52", "description": "", "skills": [35, 70, 34, 36, 61, 65, 68, 33, 41, 67, 62, 63, 66, 60, 83, 115, 84, 118, 81, 119, 117, 114]}}, {"model": "appliances.Mission", "pk": 53, "fields": {"appliance": 23, "title": "Mission53", "description": "", "skills": [87, 93, 112, 103, 71, 113, 72, 94, 107, 104, 110, 105, 111, 108, 78, 116, 75, 74, 79, 76, 77, 81, 119, 114, 84]}}, {"model": "appliances.Mission", "pk": 54, "fields": {"appliance": 23, "title": "Mission54", "description": "", "skills": [45, 44, 37, 102, 80, 93, 71, 113, 85, 95, 103, 72, 87, 107]}}, {"model": "appliances.Mission", "pk": 55, "fields": {"appliance": 23, "title": "Mission55", "description": "", "skills": []}}, {"model": "appliances.Mission", "pk": 56, "fields": {"appliance": 24, "title": "Mission56", "description": "Porro labore consectetur dolorem modi quisquam neque labore. Tempora est porro est. Voluptatem dolorem aliquam tempora dolore numquam magnam porro. Sit modi quaerat aliquam. Tempora porro amet labore. Porro eius eius quaerat neque eius aliquam. Voluptatem dolore quisquam labore. Ut sit dolore sit tempora consectetur etincidunt. Numquam quiquia ipsum tempora numquam.", "skills": [9, 19, 4, 29, 13, 96, 27, 6, 16, 12, 3, 30, 98, 17, 1, 11, 97, 99, 14, 100, 5, 10, 7, 20, 26, 23, 22, 21, 2, 69, 61, 54, 53, 42, 49, 52, 36, 33, 51, 64, 38, 59, 32, 41, 46, 56, 77, 25, 75, 78, 116, 76, 79, 74]}}, {"model": "appliances.Mission", "pk": 57, "fields": {"appliance": 24, "title": "Mission57", "description": "", "skills": [16, 13, 98, 54, 66, 40, 31, 62, 55, 53, 44, 46, 43, 37, 69, 63, 38, 47, 50, 57, 68, 67, 42, 41, 52, 49, 61, 64, 48, 51, 35, 34, 105, 104, 81, 114]}}, {"model": "appliances.Mission", "pk": 58, "fields": {"appliance": 25, "title": "Mission58", "description": "Sit sed est numquam neque aliquam. Quaerat ut quisquam dolorem quisquam aliquam dolorem. Dolorem aliquam eius tempora dolore tempora dolor. Quisquam aliquam magnam modi. Velit ut dolor neque numquam non aliquam. Modi ut aliquam eius quaerat aliquam labore.", "skills": [22, 21, 2, 9, 109, 1, 18, 26, 101, 96, 10, 98, 100, 27, 6, 23, 5, 28, 11, 29, 3, 7, 20, 4, 16, 30, 40, 87, 94, 103, 85, 93, 113, 73, 80, 92, 95]}}]